Workbook
Name NgayQua: 'Khai báo'!$B$5
Name SoNgay: 'Khai báo'!$B$6
Name MucTieuTC: 'Khai báo'!$B$7
Name CoRT: 'Khai báo'!$B$8
Name CoRTNhom: 'Khai báo'!$B$9

Sheet Hướng dẫn
B2: FILE ĐỔ SỐ TAY — Realtime · Lũy kế · Chi tiết NV (không cần AutoBI)
B4: ĐẦU THÁNG (1 lần)
B5: 1. Sheet "Khai báo": tên cụm, tháng, mục tiêu trả chậm; tên gọn + tên trên BI + target tháng từng siêu thị.
B6: 2. Nhóm thi đua: tên gọn, tên chương trình trên BI (bỏ phần "T10 - "), loại Chính / Vượt trội, target từng shop (trống = lấy target BI).
B7: 3. Nhân viên: mã NV, họ tên, siêu thị 1/2/3, % phân bổ (trống = chia đều phần còn lại).
B9: MỖI NGÀY
B10: 4. Trang Thi đua: chọn các siêu thị · Lũy kế · Danh sách · Tải lại · bấm "Chép bảng" → dán vào ô A1 sheet "Dán TĐ lũy kế".
B11: 5. Cùng trang, bấm vào TÊN SIÊU THỊ để ra từng nhân viên · "Chép bảng" → dán A1 sheet "Dán TĐ nhân viên" (siêu thị thứ 2 dán tiếp ngay dưới).
B12: 6. Muốn có Realtime: chọn Realtime · "Chép bảng" → dán A1 sheet "Dán TĐ realtime".
B13: 7. Trang Doanh thu hợp nhất (DT quy đổi): tab Nhân viên · bôi đen cả bảng → dán A1 sheet "Dán DT nhân viên" (Realtime → "Dán DT NV realtime").
B14: 8. Sheet "Nhập số": gõ DT QĐ lũy kế, DT thực, % trả chậm (và realtime nếu có) của từng siêu thị.
B15: 9. Mở sheet Realtime / Lũy kế / Chi tiết NV, chọn ô "Xem" (Tổng cụm hoặc từng siêu thị). Mọi số tự tính, tự xếp, tự tô màu.
... B22: • Sheet "Tính" là bảng tính trung gian, không sửa.

Sheet Khai báo
A1: KHAI BÁO — làm 1 lần đầu tháng (ô vàng là ô nhập)
A3: Tên cụm / báo cáo
A4: Tháng | B4: 10/2026
A5: Ngày đã qua (lũy kế đến hết ngày) | B5: =MAX(1,DAY(TODAY())-1) | C5: tự tính theo hôm nay — gõ số để ghi đè
A6: Số ngày trong tháng | B6: =DAY(EOMONTH(TODAY(),0))
A7: Mục tiêu trả chậm | B7: 0.3
A8: Có doanh thu realtime hôm nay (1 = có) | B8: =IF(SUM('Nhập số'!E4:E7)>0,1,0) | C8: tự nhận khi Nhập số có DT realtime
A9: Có số nhóm hàng realtime (1 = có) | B9: =IF(COUNTA('Dán TĐ realtime'!A1:A30)>0,1,0)
A11: Siêu thị | B11: Tên gọn (hiện trên báo cáo) | C11: Tên trên BI (đúng như dòng ở bảng Thi đua) | D11: Target tháng (DT QĐ, triệu) | E11: Target ngày (trống = tự chia)
A12: Siêu thị 1
A13: Siêu thị 2
A14: Siêu thị 3
A15: Siêu thị 4
A16: NHÓM THI ĐUA — target trống = lấy target trên BI · DT tính bằng triệu, SL tính bằng cái (như BI)
A17: Nhóm thi đua (tên gọn) | B17: Tên chương trình trên BI (bỏ "T10 - ") | C17: Loại | D17: Target ST1 | E17: Target ST2 | F17: Target ST3 | G17: Target ST4 | H17: Ghi chú
A44: NHÂN VIÊN — % phân bổ trống = chia đều phần còn lại của siêu thị
A45: Mã NV | B45: Họ tên | C45: Siêu thị (1/2/3) | D45: % phân bổ

Sheet Nhập số
A1: NHẬP SỐ DOANH THU MỖI NGÀY (lấy ở trang Doanh thu hợp nhất, chế độ DT quy đổi)
A3: Siêu thị | B3: DT QĐ lũy kế | C3: DT thực lũy kế | D3: % trả chậm lũy kế | E3: DT QĐ realtime hôm nay | F3: DT thực realtime | G3: % trả chậm realtime
A4: =IF('Khai báo'!B12="","",'Khai báo'!B12)
A5: =IF('Khai báo'!B13="","",'Khai báo'!B13)
A6: =IF('Khai báo'!B14="","",'Khai báo'!B14)
A7: =IF('Khai báo'!B15="","",'Khai báo'!B15)
A9: Tiền: triệu đồng · % trả chậm gõ dạng 34% · realtime để trống nếu chưa có số

Sheet Realtime
A1: ="BÁO CÁO REALTIME — "&'Khai báo'!B3&" · "&TEXT(TODAY(),"dd/mm/yyyy") | AZ1: =IFERROR(MATCH($B$2,'Tính'!$B$31:$B$34,0),0)
A2: Xem: | B2: Tổng cụm | F2: ◀ bấm ô vàng để chọn Tổng cụm hoặc từng siêu thị | BA2: Nhóm (view) | BJ2: Thứ tự
BA3: ='Tính'!B3 | BB3: ='Tính'!D3 | BC3: =IF($AZ$1=0,'Tính'!$Z$3,CHOOSE($AZ$1,'Tính'!$G$3,'Tính'!$L$3,'Tính'!$Q$3,'Tính'!$V$3)) | BD3: =IF($AZ$1=0,'Tính'!$Y$3,CHOOSE($AZ$1,'Tính'!$E$3,'Tính'!$J$3,'Tính'!$O$3,'Tính'!$T$3)) | BE3: =IF($AZ$1=0,'Tính'!$AB$3,CHOOSE($AZ$1,'Tính'!$I$3,'Tính'!$N$3,'Tính'!$S$3,'Tính'!$X$3)) | BF3: =IF($AZ$1=0,'Tính'!$AA$3,CHOOSE($AZ$1,'Tính'!$H$3,'Tính'!$M$3,'Tính'!$R$3,'Tính'!$W$3)) | BG3: =IF(BC3>0,BD3/NgayQua*SoNgay/BC3,IF(BD3>0,1,0)) | BH3: =IF(CoRTNhom=1,IF(BC3>0,(BD3+BF3)/(NgayQua+1)*SoNgay/BC3,IF(BD3+BF3>0,1,0)),BG3) | BI3: =IF(BA3="",-1,IF(BB3="Chính",1000,0)+BH3+(20-1)/100000) | BJ3: =IF(LARGE($BI$3:$BI$22,1)<0,"",MATCH(LARGE($BI$3:$BI$22,1),$BI$3:$BI$22,0)) | CA3: 1 | CB3: =IF('Tính'!B39="",0,IF(OR($AZ$1=0,'Tính'!D39=$AZ$1),1,0)) | CC3: =IF(CB3=1,'Tính'!L39*1000+'Tính'!M39+1+(45-1)/1000000,-1) | CD3: =IF(LARGE($CC$3:$CC$47,1)<0,"",MATCH(LARGE($CC$3:$CC$47,1),$CC$3:$CC$47,0))
A4: Mục tiêu ngày | C4: Thực hiện | G4: Target QĐ | I4: =INDEX('Tính'!$D$31:$D$35,IF($AZ$1=0,5,$AZ$1)) | BA4: ='Tính'!B4 | BB4: ='Tính'!D4 | BC4: =IF($AZ$1=0,'Tính'!$Z$4,CHOOSE($AZ$1,'Tính'!$G$4,'Tính'!$L$4,'Tính'!$Q$4,'Tính'!$V$4)) | BD4: =IF($AZ$1=0,'Tính'!$Y$4,CHOOSE($AZ$1,'Tính'!$E$4,'Tính'!$J$4,'Tính'!$O$4,'Tính'!$T$4)) | BE4: =IF($AZ$1=0,'Tính'!$AB$4,CHOOSE($AZ$1,'Tính'!$I$4,'Tính'!$N$4,'Tính'!$S$4,'Tính'!$X$4)) | BF4: =IF($AZ$1=0,'Tính'!$AA$4,CHOOSE($AZ$1,'Tính'!$H$4,'Tính'!$M$4,'Tính'!$R$4,'Tính'!$W$4)) | BG4: =IF(BC4>0,BD4/NgayQua*SoNgay/BC4,IF(BD4>0,1,0)) | BH4: =IF(CoRTNhom=1,IF(BC4>0,(BD4+BF4)/(NgayQua+1)*SoNgay/BC4,IF(BD4+BF4>0,1,0)),BG4) | BI4: =IF(BA4="",-1,IF(BB4="Chính",1000,0)+BH4+(20-2)/100000) | BJ4: =IF(LARGE($BI$3:$BI$22,2)<0,"",MATCH(LARGE($BI$3:$BI$22,2),$BI$3:$BI$22,0)) | CA4: 2 | CB4: =IF('Tính'!B40="",0,IF(OR($AZ$1=0,'Tính'!D40=$AZ$1),1,0)) | CC4: =IF(CB4=1,'Tính'!L40*1000+'Tính'!M40+1+(45-2)/1000000,-1) | CD4: =IF(LARGE($CC$3:$CC$47,2)<0,"",MATCH(LARGE($CC$3:$CC$47,2),$CC$3:$CC$47,0))
A5: =INDEX('Tính'!$E$31:$E$35,IF($AZ$1=0,5,$AZ$1)) | C5: =INDEX('Tính'!$I$31:$I$35,IF($AZ$1=0,5,$AZ$1)) | G5: Thực hiện QĐ | I5: =INDEX('Tính'!$F$31:$F$35,IF($AZ$1=0,5,$AZ$1)) | BA5: ='Tính'!B5 | BB5: ='Tính'!D5 | BC5: =IF($AZ$1=0,'Tính'!$Z$5,CHOOSE($AZ$1,'Tính'!$G$5,'Tính'!$L$5,'Tính'!$Q$5,'Tính'!$V$5)) | BD5: =IF($AZ$1=0,'Tính'!$Y$5,CHOOSE($AZ$1,'Tính'!$E$5,'Tính'!$J$5,'Tính'!$O$5,'Tính'!$T$5)) | BE5: =IF($AZ$1=0,'Tính'!$AB$5,CHOOSE($AZ$1,'Tính'!$I$5,'Tính'!$N$5,'Tính'!$S$5,'Tính'!$X$5)) | BF5: =IF($AZ$1=0,'Tính'!$AA$5,CHOOSE($AZ$1,'Tính'!$H$5,'Tính'!$M$5,'Tính'!$R$5,'Tính'!$W$5)) | BG5: =IF(BC5>0,BD5/NgayQua*SoNgay/BC5,IF(BD5>0,1,0)) | BH5: =IF(CoRTNhom=1,IF(BC5>0,(BD5+BF5)/(NgayQua+1)*SoNgay/BC5,IF(BD5+BF5>0,1,0)),BG5) | BI5: =IF(BA5="",-1,IF(BB5="Chính",1000,0)+BH5+(20-3)/100000) | BJ5: =IF(LARGE($BI$3:$BI$22,3)<0,"",MATCH(LARGE($BI$3:$BI$22,3),$BI$3:$BI$22,0)) | CA5: 3 | CB5: =IF('Tính'!B41="",0,IF(OR($AZ$1=0,'Tính'!D41=$AZ$1),1,0)) | CC5: =IF(CB5=1,'Tính'!L41*1000+'Tính'!M41+1+(45-3)/1000000,-1) | CD5: =IF(LARGE($CC$3:$CC$47,3)<0,"",MATCH(LARGE($CC$3:$CC$47,3),$CC$3:$CC$47,0))
A6: Hoàn thành | B6: =IF(A5>0,C5/A5,0) | C6: %QĐ | E6: =IFERROR(C5/INDEX('Tính'!$J$31:$J$35,IF($AZ$1=0,5,$AZ$1)),0) | G6: Hoàn thành | I6: =IF(I4>0,I5/I4,0) | K6: Còn lại | L6: =MAX(0,I4-I5) | BA6: ='Tính'!B6 | BB6: ='Tính'!D6 | BC6: =IF($AZ$1=0,'Tính'!$Z$6,CHOOSE($AZ$1,'Tính'!$G$6,'Tính'!$L$6,'Tính'!$Q$6,'Tính'!$V$6)) | BD6: =IF($AZ$1=0,'Tính'!$Y$6,CHOOSE($AZ$1,'Tính'!$E$6,'Tính'!$J$6,'Tính'!$O$6,'Tính'!$T$6)) | BE6: =IF($AZ$1=0,'Tính'!$AB$6,CHOOSE($AZ$1,'Tính'!$I$6,'Tính'!$N$6,'Tính'!$S$6,'Tính'!$X$6)) | BF6: =IF($AZ$1=0,'Tính'!$AA$6,CHOOSE($AZ$1,'Tính'!$H$6,'Tính'!$M$6,'Tính'!$R$6,'Tính'!$W$6)) | BG6: =IF(BC6>0,BD6/NgayQua*SoNgay/BC6,IF(BD6>0,1,0)) | BH6: =IF(CoRTNhom=1,IF(BC6>0,(BD6+BF6)/(NgayQua+1)*SoNgay/BC6,IF(BD6+BF6>0,1,0)),BG6) | BI6: =IF(BA6="",-1,IF(BB6="Chính",1000,0)+BH6+(20-4)/100000) | BJ6: =IF(LARGE($BI$3:$BI$22,4)<0,"",MATCH(LARGE($BI$3:$BI$22,4),$BI$3:$BI$22,0)) | CA6: 4 | CB6: =IF('Tính'!B42="",0,IF(OR($AZ$1=0,'Tính'!D42=$AZ$1),1,0)) | CC6: =IF(CB6=1,'Tính'!L42*1000+'Tính'!M42+1+(45-4)/1000000,-1) | CD6: =IF(LARGE($CC$3:$CC$47,4)<0,"",MATCH(LARGE($CC$3:$CC$47,4),$CC$3:$CC$47,0))
A7: Mục tiêu trả chậm | C7: =MucTieuTC | G7: ☀️ DK ngày mai | I7: =IF(I4>0,IF(CoRT=1,(I5+C5)/(NgayQua+1)*SoNgay/I4,I5/NgayQua*SoNgay/I4),0) | BA7: ='Tính'!B7 | BB7: ='Tính'!D7 | BC7: =IF($AZ$1=0,'Tính'!$Z$7,CHOOSE($AZ$1,'Tính'!$G$7,'Tính'!$L$7,'Tính'!$Q$7,'Tính'!$V$7)) | BD7: =IF($AZ$1=0,'Tính'!$Y$7,CHOOSE($AZ$1,'Tính'!$E$7,'Tính'!$J$7,'Tính'!$O$7,'Tính'!$T$7)) | BE7: =IF($AZ$1=0,'Tính'!$AB$7,CHOOSE($AZ$1,'Tính'!$I$7,'Tính'!$N$7,'Tính'!$S$7,'Tính'!$X$7)) | BF7: =IF($AZ$1=0,'Tính'!$AA$7,CHOOSE($AZ$1,'Tính'!$H$7,'Tính'!$M$7,'Tính'!$R$7,'Tính'!$W$7)) | BG7: =IF(BC7>0,BD7/NgayQua*SoNgay/BC7,IF(BD7>0,1,0)) | BH7: =IF(CoRTNhom=1,IF(BC7>0,(BD7+BF7)/(NgayQua+1)*SoNgay/BC7,IF(BD7+BF7>0,1,0)),BG7) | BI7: =IF(BA7="",-1,IF(BB7="Chính",1000,0)+BH7+(20-5)/100000) | BJ7: =IF(LARGE($BI$3:$BI$22,5)<0,"",MATCH(LARGE($BI$3:$BI$22,5),$BI$3:$BI$22,0)) | CA7: 5 | CB7: =IF('Tính'!B43="",0,IF(OR($AZ$1=0,'Tính'!D43=$AZ$1),1,0)) | CC7: =IF(CB7=1,'Tính'!L43*1000+'Tính'!M43+1+(45-5)/1000000,-1) | CD7: =IF(LARGE($CC$3:$CC$47,5)<0,"",MATCH(LARGE($CC$3:$CC$47,5),$CC$3:$CC$47,0))
A8: Realtime trả chậm | C8: =INDEX('Tính'!$K$31:$K$35,IF($AZ$1=0,5,$AZ$1)) | G8: Lũy kế trả chậm | I8: =INDEX('Tính'!$H$31:$H$35,IF($AZ$1=0,5,$AZ$1)) | K8: %QĐ/thực | L8: =IFERROR(I5/INDEX('Tính'!$G$31:$G$35,IF($AZ$1=0,5,$AZ$1)),0) | BA8: ='Tính'!B8 | BB8: ='Tính'!D8 | BC8: =IF($AZ$1=0,'Tính'!$Z$8,CHOOSE($AZ$1,'Tính'!$G$8,'Tính'!$L$8,'Tính'!$Q$8,'Tính'!$V$8)) | BD8: =IF($AZ$1=0,'Tính'!$Y$8,CHOOSE($AZ$1,'Tính'!$E$8,'Tính'!$J$8,'Tính'!$O$8,'Tính'!$T$8)) | BE8: =IF($AZ$1=0,'Tính'!$AB$8,CHOOSE($AZ$1,'Tính'!$I$8,'Tính'!$N$8,'Tính'!$S$8,'Tính'!$X$8)) | BF8: =IF($AZ$1=0,'Tính'!$AA$8,CHOOSE($AZ$1,'Tính'!$H$8,'Tính'!$M$8,'Tính'!$R$8,'Tính'!$W$8)) | BG8: =IF(BC8>0,BD8/NgayQua*SoNgay/BC8,IF(BD8>0,1,0)) | BH8: =IF(CoRTNhom=1,IF(BC8>0,(BD8+BF8)/(NgayQua+1)*SoNgay/BC8,IF(BD8+BF8>0,1,0)),BG8) | BI8: =IF(BA8="",-1,IF(BB8="Chính",1000,0)+BH8+(20-6)/100000) | BJ8: =IF(LARGE($BI$3:$BI$22,6)<0,"",MATCH(LARGE($BI$3:$BI$22,6),$BI$3:$BI$22,0)) | CA8: 6 | CB8: =IF('Tính'!B44="",0,IF(OR($AZ$1=0,'Tính'!D44=$AZ$1),1,0)) | CC8: =IF(CB8=1,'Tính'!L44*1000+'Tính'!M44+1+(45-6)/1000000,-1) | CD8: =IF(LARGE($CC$3:$CC$47,6)<0,"",MATCH(LARGE($CC$3:$CC$47,6),$CC$3:$CC$47,0))
BA9: ='Tính'!B9 | BB9: ='Tính'!D9 | BC9: =IF($AZ$1=0,'Tính'!$Z$9,CHOOSE($AZ$1,'Tính'!$G$9,'Tính'!$L$9,'Tính'!$Q$9,'Tính'!$V$9)) | BD9: =IF($AZ$1=0,'Tính'!$Y$9,CHOOSE($AZ$1,'Tính'!$E$9,'Tính'!$J$9,'Tính'!$O$9,'Tính'!$T$9)) | BE9: =IF($AZ$1=0,'Tính'!$AB$9,CHOOSE($AZ$1,'Tính'!$I$9,'Tính'!$N$9,'Tính'!$S$9,'Tính'!$X$9)) | BF9: =IF($AZ$1=0,'Tính'!$AA$9,CHOOSE($AZ$1,'Tính'!$H$9,'Tính'!$M$9,'Tính'!$R$9,'Tính'!$W$9)) | BG9: =IF(BC9>0,BD9/NgayQua*SoNgay/BC9,IF(BD9>0,1,0)) | BH9: =IF(CoRTNhom=1,IF(BC9>0,(BD9+BF9)/(NgayQua+1)*SoNgay/BC9,IF(BD9+BF9>0,1,0)),BG9) | BI9: =IF(BA9="",-1,IF(BB9="Chính",1000,0)+BH9+(20-7)/100000) | BJ9: =IF(LARGE($BI$3:$BI$22,7)<0,"",MATCH(LARGE($BI$3:$BI$22,7),$BI$3:$BI$22,0)) | CA9: 7 | CB9: =IF('Tính'!B45="",0,IF(OR($AZ$1=0,'Tính'!D45=$AZ$1),1,0)) | CC9: =IF(CB9=1,'Tính'!L45*1000+'Tính'!M45+1+(45-7)/1000000,-1) | CD9: =IF(LARGE($CC$3:$CC$47,7)<0,"",MATCH(LARGE($CC$3:$CC$47,7),$CC$3:$CC$47,0))
A10: ="Realtime: "&COUNTIF($BA$3:$BA$22,"?*")&" nhóm" | C10: Đạt: | D10: =COUNTIFS(D12:D31,">0",E12:E31,">=0.995") | G10: Lũy kế | I10: ="Đạt DK: "&COUNTIF(K12:K31,">=0.995") | K10: ="☀️ Đạt: "&COUNTIF(L12:L31,">=0.995") | BA10: ='Tính'!B10 | BB10: ='Tính'!D10 | BC10: =IF($AZ$1=0,'Tính'!$Z$10,CHOOSE($AZ$1,'Tính'!$G$10,'Tính'!$L$10,'Tính'!$Q$10,'Tính'!$V$10)) | BD10: =IF($AZ$1=0,'Tính'!$Y$10,CHOOSE($AZ$1,'Tính'!$E$10,'Tính'!$J$10,'Tính'!$O$10,'Tính'!$T$10)) | BE10: =IF($AZ$1=0,'Tính'!$AB$10,CHOOSE($AZ$1,'Tính'!$I$10,'Tính'!$N$10,'Tính'!$S$10,'Tính'!$X$10)) | BF10: =IF($AZ$1=0,'Tính'!$AA$10,CHOOSE($AZ$1,'Tính'!$H$10,'Tính'!$M$10,'Tính'!$R$10,'Tính'!$W$10)) | BG10: =IF(BC10>0,BD10/NgayQua*SoNgay/BC10,IF(BD10>0,1,0)) | BH10: =IF(CoRTNhom=1,IF(BC10>0,(BD10+BF10)/(NgayQua+1)*SoNgay/BC10,IF(BD10+BF10>0,1,0)),BG10) | BI10: =IF(BA10="",-1,IF(BB10="Chính",1000,0)+BH10+(20-8)/100000) | BJ10: =IF(LARGE($BI$3:$BI$22,8)<0,"",MATCH(LARGE($BI$3:$BI$22,8),$BI$3:$BI$22,0)) | CA10: 8 | CB10: =IF('Tính'!B46="",0,IF(OR($AZ$1=0,'Tính'!D46=$AZ$1),1,0)) | CC10: =IF(CB10=1,'Tính'!L46*1000+'Tính'!M46+1+(45-8)/1000000,-1) | CD10: =IF(LARGE($CC$3:$CC$47,8)<0,"",MATCH(LARGE($CC$3:$CC$47,8),$CC$3:$CC$47,0))
A11: Nhóm hàng | B11: Loại | C11: Target ngày | D11: Thực hiện | E11: Tỉ lệ | G11: Nhóm hàng | H11: Target tháng | I11: Thực hiện | J11: % Hiện tại | K11: DK | L11: ☀️ DK mai | BA11: ='Tính'!B11 | BB11: ='Tính'!D11 | BC11: =IF($AZ$1=0,'Tính'!$Z$11,CHOOSE($AZ$1,'Tính'!$G$11,'Tính'!$L$11,'Tính'!$Q$11,'Tính'!$V$11)) | BD11: =IF($AZ$1=0,'Tính'!$Y$11,CHOOSE($AZ$1,'Tính'!$E$11,'Tính'!$J$11,'Tính'!$O$11,'Tính'!$T$11)) | BE11: =IF($AZ$1=0,'Tính'!$AB$11,CHOOSE($AZ$1,'Tính'!$I$11,'Tính'!$N$11,'Tính'!$S$11,'Tính'!$X$11)) | BF11: =IF($AZ$1=0,'Tính'!$AA$11,CHOOSE($AZ$1,'Tính'!$H$11,'Tính'!$M$11,'Tính'!$R$11,'Tính'!$W$11)) | BG11: =IF(BC11>0,BD11/NgayQua*SoNgay/BC11,IF(BD11>0,1,0)) | BH11: =IF(CoRTNhom=1,IF(BC11>0,(BD11+BF11)/(NgayQua+1)*SoNgay/BC11,IF(BD11+BF11>0,1,0)),BG11) | BI11: =IF(BA11="",-1,IF(BB11="Chính",1000,0)+BH11+(20-9)/100000) | BJ11: =IF(LARGE($BI$3:$BI$22,9)<0,"",MATCH(LARGE($BI$3:$BI$22,9),$BI$3:$BI$22,0)) | CA11: 9 | CB11: =IF('Tính'!B47="",0,IF(OR($AZ$1=0,'Tính'!D47=$AZ$1),1,0)) | CC11: =IF(CB11=1,'Tính'!L47*1000+'Tính'!M47+1+(45-9)/1000000,-1) | CD11: =IF(LARGE($CC$3:$CC$47,9)<0,"",MATCH(LARGE($CC$3:$CC$47,9),$CC$3:$CC$47,0))
A12: =IF($BJ$3="","",INDEX($BA$3:$BA$22,$BJ$3)) | B12: =IF($BJ$3="","",INDEX($BB$3:$BB$22,$BJ$3)) | C12: =IF($BJ$3="","",INDEX($BE$3:$BE$22,$BJ$3)) | D12: =IF($BJ$3="","",INDEX($BF$3:$BF$22,$BJ$3)) | E12: =IF(A12="","",IF(D12=0,"-",IF(C12>0,D12/C12,1))) | G12: =A12 | H12: =IF($BJ$3="","",INDEX($BC$3:$BC$22,$BJ$3)) | I12: =IF($BJ$3="","",INDEX($BD$3:$BD$22,$BJ$3)) | J12: =IF(A12="","",IF(H12>0,I12/H12,1)) | K12: =IF($BJ$3="","",INDEX($BG$3:$BG$22,$BJ$3)) | L12: =IF($BJ$3="","",INDEX($BH$3:$BH$22,$BJ$3)) | BA12: ='Tính'!B12 | BB12: ='Tính'!D12 | BC12: =IF($AZ$1=0,'Tính'!$Z$12,CHOOSE($AZ$1,'Tính'!$G$12,'Tính'!$L$12,'Tính'!$Q$12,'Tính'!$V$12)) | BD12: =IF($AZ$1=0,'Tính'!$Y$12,CHOOSE($AZ$1,'Tính'!$E$12,'Tính'!$J$12,'Tính'!$O$12,'Tính'!$T$12)) | BE12: =IF($AZ$1=0,'Tính'!$AB$12,CHOOSE($AZ$1,'Tính'!$I$12,'Tính'!$N$12,'Tính'!$S$12,'Tính'!$X$12)) | BF12: =IF($AZ$1=0,'Tính'!$AA$12,CHOOSE($AZ$1,'Tính'!$H$12,'Tính'!$M$12,'Tính'!$R$12,'Tính'!$W$12)) | BG12: =IF(BC12>0,BD12/NgayQua*SoNgay/BC12,IF(BD12>0,1,0)) | BH12: =IF(CoRTNhom=1,IF(BC12>0,(BD12+BF12)/(NgayQua+1)*SoNgay/BC12,IF(BD12+BF12>0,1,0)),BG12) | BI12: =IF(BA12="",-1,IF(BB12="Chính",1000,0)+BH12+(20-10)/100000) | BJ12: =IF(LARGE($BI$3:$BI$22,10)<0,"",MATCH(LARGE($BI$3:$BI$22,10),$BI$3:$BI$22,0)) | CA12: 10 | CB12: =IF('Tính'!B48="",0,IF(OR($AZ$1=0,'Tính'!D48=$AZ$1),1,0)) | CC12: =IF(CB12=1,'Tính'!L48*1000+'Tính'!M48+1+(45-10)/1000000,-1) | CD12: =IF(LARGE($CC$3:$CC$47,10)<0,"",MATCH(LARGE($CC$3:$CC$47,10),$CC$3:$CC$47,0))
A13: =IF($BJ$4="","",INDEX($BA$3:$BA$22,$BJ$4)) | B13: =IF($BJ$4="","",INDEX($BB$3:$BB$22,$BJ$4)) | C13: =IF($BJ$4="","",INDEX($BE$3:$BE$22,$BJ$4)) | D13: =IF($BJ$4="","",INDEX($BF$3:$BF$22,$BJ$4)) | E13: =IF(A13="","",IF(D13=0,"-",IF(C13>0,D13/C13,1))) | G13: =A13 | H13: =IF($BJ$4="","",INDEX($BC$3:$BC$22,$BJ$4)) | I13: =IF($BJ$4="","",INDEX($BD$3:$BD$22,$BJ$4)) | J13: =IF(A13="","",IF(H13>0,I13/H13,1)) | K13: =IF($BJ$4="","",INDEX($BG$3:$BG$22,$BJ$4)) | L13: =IF($BJ$4="","",INDEX($BH$3:$BH$22,$BJ$4)) | BA13: ='Tính'!B13 | BB13: ='Tính'!D13 | BC13: =IF($AZ$1=0,'Tính'!$Z$13,CHOOSE($AZ$1,'Tính'!$G$13,'Tính'!$L$13,'Tính'!$Q$13,'Tính'!$V$13)) | BD13: =IF($AZ$1=0,'Tính'!$Y$13,CHOOSE($AZ$1,'Tính'!$E$13,'Tính'!$J$13,'Tính'!$O$13,'Tính'!$T$13)) | BE13: =IF($AZ$1=0,'Tính'!$AB$13,CHOOSE($AZ$1,'Tính'!$I$13,'Tính'!$N$13,'Tính'!$S$13,'Tính'!$X$13)) | BF13: =IF($AZ$1=0,'Tính'!$AA$13,CHOOSE($AZ$1,'Tính'!$H$13,'Tính'!$M$13,'Tính'!$R$13,'Tính'!$W$13)) | BG13: =IF(BC13>0,BD13/NgayQua*SoNgay/BC13,IF(BD13>0,1,0)) | BH13: =IF(CoRTNhom=1,IF(BC13>0,(BD13+BF13)/(NgayQua+1)*SoNgay/BC13,IF(BD13+BF13>0,1,0)),BG13) | BI13: =IF(BA13="",-1,IF(BB13="Chính",1000,0)+BH13+(20-11)/100000) | BJ13: =IF(LARGE($BI$3:$BI$22,11)<0,"",MATCH(LARGE($BI$3:$BI$22,11),$BI$3:$BI$22,0)) | CA13: 11 | CB13: =IF('Tính'!B49="",0,IF(OR($AZ$1=0,'Tính'!D49=$AZ$1),1,0)) | CC13: =IF(CB13=1,'Tính'!L49*1000+'Tính'!M49+1+(45-11)/1000000,-1) | CD13: =IF(LARGE($CC$3:$CC$47,11)<0,"",MATCH(LARGE($CC$3:$CC$47,11),$CC$3:$CC$47,0))
A14: =IF($BJ$5="","",INDEX($BA$3:$BA$22,$BJ$5)) | B14: =IF($BJ$5="","",INDEX($BB$3:$BB$22,$BJ$5)) | C14: =IF($BJ$5="","",INDEX($BE$3:$BE$22,$BJ$5)) | D14: =IF($BJ$5="","",INDEX($BF$3:$BF$22,$BJ$5)) | E14: =IF(A14="","",IF(D14=0,"-",IF(C14>0,D14/C14,1))) | G14: =A14 | H14: =IF($BJ$5="","",INDEX($BC$3:$BC$22,$BJ$5)) | I14: =IF($BJ$5="","",INDEX($BD$3:$BD$22,$BJ$5)) | J14: =IF(A14="","",IF(H14>0,I14/H14,1)) | K14: =IF($BJ$5="","",INDEX($BG$3:$BG$22,$BJ$5)) | L14: =IF($BJ$5="","",INDEX($BH$3:$BH$22,$BJ$5)) | BA14: ='Tính'!B14 | BB14: ='Tính'!D14 | BC14: =IF($AZ$1=0,'Tính'!$Z$14,CHOOSE($AZ$1,'Tính'!$G$14,'Tính'!$L$14,'Tính'!$Q$14,'Tính'!$V$14)) | BD14: =IF($AZ$1=0,'Tính'!$Y$14,CHOOSE($AZ$1,'Tính'!$E$14,'Tính'!$J$14,'Tính'!$O$14,'Tính'!$T$14)) | BE14: =IF($AZ$1=0,'Tính'!$AB$14,CHOOSE($AZ$1,'Tính'!$I$14,'Tính'!$N$14,'Tính'!$S$14,'Tính'!$X$14)) | BF14: =IF($AZ$1=0,'Tính'!$AA$14,CHOOSE($AZ$1,'Tính'!$H$14,'Tính'!$M$14,'Tính'!$R$14,'Tính'!$W$14)) | BG14: =IF(BC14>0,BD14/NgayQua*SoNgay/BC14,IF(BD14>0,1,0)) | BH14: =IF(CoRTNhom=1,IF(BC14>0,(BD14+BF14)/(NgayQua+1)*SoNgay/BC14,IF(BD14+BF14>0,1,0)),BG14) | BI14: =IF(BA14="",-1,IF(BB14="Chính",1000,0)+BH14+(20-12)/100000) | BJ14: =IF(LARGE($BI$3:$BI$22,12)<0,"",MATCH(LARGE($BI$3:$BI$22,12),$BI$3:$BI$22,0)) | CA14: 12 | CB14: =IF('Tính'!B50="",0,IF(OR($AZ$1=0,'Tính'!D50=$AZ$1),1,0)) | CC14: =IF(CB14=1,'Tính'!L50*1000+'Tính'!M50+1+(45-12)/1000000,-1) | CD14: =IF(LARGE($CC$3:$CC$47,12)<0,"",MATCH(LARGE($CC$3:$CC$47,12),$CC$3:$CC$47,0))
A15: =IF($BJ$6="","",INDEX($BA$3:$BA$22,$BJ$6)) | B15: =IF($BJ$6="","",INDEX($BB$3:$BB$22,$BJ$6)) | C15: =IF($BJ$6="","",INDEX($BE$3:$BE$22,$BJ$6)) | D15: =IF($BJ$6="","",INDEX($BF$3:$BF$22,$BJ$6)) | E15: =IF(A15="","",IF(D15=0,"-",IF(C15>0,D15/C15,1))) | G15: =A15 | H15: =IF($BJ$6="","",INDEX($BC$3:$BC$22,$BJ$6)) | I15: =IF($BJ$6="","",INDEX($BD$3:$BD$22,$BJ$6)) | J15: =IF(A15="","",IF(H15>0,I15/H15,1)) | K15: =IF($BJ$6="","",INDEX($BG$3:$BG$22,$BJ$6)) | L15: =IF($BJ$6="","",INDEX($BH$3:$BH$22,$BJ$6)) | BA15: ='Tính'!B15 | BB15: ='Tính'!D15 | BC15: =IF($AZ$1=0,'Tính'!$Z$15,CHOOSE($AZ$1,'Tính'!$G$15,'Tính'!$L$15,'Tính'!$Q$15,'Tính'!$V$15)) | BD15: =IF($AZ$1=0,'Tính'!$Y$15,CHOOSE($AZ$1,'Tính'!$E$15,'Tính'!$J$15,'Tính'!$O$15,'Tính'!$T$15)) | BE15: =IF($AZ$1=0,'Tính'!$AB$15,CHOOSE($AZ$1,'Tính'!$I$15,'Tính'!$N$15,'Tính'!$S$15,'Tính'!$X$15)) | BF15: =IF($AZ$1=0,'Tính'!$AA$15,CHOOSE($AZ$1,'Tính'!$H$15,'Tính'!$M$15,'Tính'!$R$15,'Tính'!$W$15)) | BG15: =IF(BC15>0,BD15/NgayQua*SoNgay/BC15,IF(BD15>0,1,0)) | BH15: =IF(CoRTNhom=1,IF(BC15>0,(BD15+BF15)/(NgayQua+1)*SoNgay/BC15,IF(BD15+BF15>0,1,0)),BG15) | BI15: =IF(BA15="",-1,IF(BB15="Chính",1000,0)+BH15+(20-13)/100000) | BJ15: =IF(LARGE($BI$3:$BI$22,13)<0,"",MATCH(LARGE($BI$3:$BI$22,13),$BI$3:$BI$22,0)) | CA15: 13 | CB15: =IF('Tính'!B51="",0,IF(OR($AZ$1=0,'Tính'!D51=$AZ$1),1,0)) | CC15: =IF(CB15=1,'Tính'!L51*1000+'Tính'!M51+1+(45-13)/1000000,-1) | CD15: =IF(LARGE($CC$3:$CC$47,13)<0,"",MATCH(LARGE($CC$3:$CC$47,13),$CC$3:$CC$47,0))
A16: =IF($BJ$7="","",INDEX($BA$3:$BA$22,$BJ$7)) | B16: =IF($BJ$7="","",INDEX($BB$3:$BB$22,$BJ$7)) | C16: =IF($BJ$7="","",INDEX($BE$3:$BE$22,$BJ$7)) | D16: =IF($BJ$7="","",INDEX($BF$3:$BF$22,$BJ$7)) | E16: =IF(A16="","",IF(D16=0,"-",IF(C16>0,D16/C16,1))) | G16: =A16 | H16: =IF($BJ$7="","",INDEX($BC$3:$BC$22,$BJ$7)) | I16: =IF($BJ$7="","",INDEX($BD$3:$BD$22,$BJ$7)) | J16: =IF(A16="","",IF(H16>0,I16/H16,1)) | K16: =IF($BJ$7="","",INDEX($BG$3:$BG$22,$BJ$7)) | L16: =IF($BJ$7="","",INDEX($BH$3:$BH$22,$BJ$7)) | BA16: ='Tính'!B16 | BB16: ='Tính'!D16 | BC16: =IF($AZ$1=0,'Tính'!$Z$16,CHOOSE($AZ$1,'Tính'!$G$16,'Tính'!$L$16,'Tính'!$Q$16,'Tính'!$V$16)) | BD16: =IF($AZ$1=0,'Tính'!$Y$16,CHOOSE($AZ$1,'Tính'!$E$16,'Tính'!$J$16,'Tính'!$O$16,'Tính'!$T$16)) | BE16: =IF($AZ$1=0,'Tính'!$AB$16,CHOOSE($AZ$1,'Tính'!$I$16,'Tính'!$N$16,'Tính'!$S$16,'Tính'!$X$16)) | BF16: =IF($AZ$1=0,'Tính'!$AA$16,CHOOSE($AZ$1,'Tính'!$H$16,'Tính'!$M$16,'Tính'!$R$16,'Tính'!$W$16)) | BG16: =IF(BC16>0,BD16/NgayQua*SoNgay/BC16,IF(BD16>0,1,0)) | BH16: =IF(CoRTNhom=1,IF(BC16>0,(BD16+BF16)/(NgayQua+1)*SoNgay/BC16,IF(BD16+BF16>0,1,0)),BG16) | BI16: =IF(BA16="",-1,IF(BB16="Chính",1000,0)+BH16+(20-14)/100000) | BJ16: =IF(LARGE($BI$3:$BI$22,14)<0,"",MATCH(LARGE($BI$3:$BI$22,14),$BI$3:$BI$22,0)) | CA16: 14 | CB16: =IF('Tính'!B52="",0,IF(OR($AZ$1=0,'Tính'!D52=$AZ$1),1,0)) | CC16: =IF(CB16=1,'Tính'!L52*1000+'Tính'!M52+1+(45-14)/1000000,-1) | CD16: =IF(LARGE($CC$3:$CC$47,14)<0,"",MATCH(LARGE($CC$3:$CC$47,14),$CC$3:$CC$47,0))
A17: =IF($BJ$8="","",INDEX($BA$3:$BA$22,$BJ$8)) | B17: =IF($BJ$8="","",INDEX($BB$3:$BB$22,$BJ$8)) | C17: =IF($BJ$8="","",INDEX($BE$3:$BE$22,$BJ$8)) | D17: =IF($BJ$8="","",INDEX($BF$3:$BF$22,$BJ$8)) | E17: =IF(A17="","",IF(D17=0,"-",IF(C17>0,D17/C17,1))) | G17: =A17 | H17: =IF($BJ$8="","",INDEX($BC$3:$BC$22,$BJ$8)) | I17: =IF($BJ$8="","",INDEX($BD$3:$BD$22,$BJ$8)) | J17: =IF(A17="","",IF(H17>0,I17/H17,1)) | K17: =IF($BJ$8="","",INDEX($BG$3:$BG$22,$BJ$8)) | L17: =IF($BJ$8="","",INDEX($BH$3:$BH$22,$BJ$8)) | BA17: ='Tính'!B17 | BB17: ='Tính'!D17 | BC17: =IF($AZ$1=0,'Tính'!$Z$17,CHOOSE($AZ$1,'Tính'!$G$17,'Tính'!$L$17,'Tính'!$Q$17,'Tính'!$V$17)) | BD17: =IF($AZ$1=0,'Tính'!$Y$17,CHOOSE($AZ$1,'Tính'!$E$17,'Tính'!$J$17,'Tính'!$O$17,'Tính'!$T$17)) | BE17: =IF($AZ$1=0,'Tính'!$AB$17,CHOOSE($AZ$1,'Tính'!$I$17,'Tính'!$N$17,'Tính'!$S$17,'Tính'!$X$17)) | BF17: =IF($AZ$1=0,'Tính'!$AA$17,CHOOSE($AZ$1,'Tính'!$H$17,'Tính'!$M$17,'Tính'!$R$17,'Tính'!$W$17)) | BG17: =IF(BC17>0,BD17/NgayQua*SoNgay/BC17,IF(BD17>0,1,0)) | BH17: =IF(CoRTNhom=1,IF(BC17>0,(BD17+BF17)/(NgayQua+1)*SoNgay/BC17,IF(BD17+BF17>0,1,0)),BG17) | BI17: =IF(BA17="",-1,IF(BB17="Chính",1000,0)+BH17+(20-15)/100000) | BJ17: =IF(LARGE($BI$3:$BI$22,15)<0,"",MATCH(LARGE($BI$3:$BI$22,15),$BI$3:$BI$22,0)) | CA17: 15 | CB17: =IF('Tính'!B53="",0,IF(OR($AZ$1=0,'Tính'!D53=$AZ$1),1,0)) | CC17: =IF(CB17=1,'Tính'!L53*1000+'Tính'!M53+1+(45-15)/1000000,-1) | CD17: =IF(LARGE($CC$3:$CC$47,15)<0,"",MATCH(LARGE($CC$3:$CC$47,15),$CC$3:$CC$47,0))
A18: =IF($BJ$9="","",INDEX($BA$3:$BA$22,$BJ$9)) | B18: =IF($BJ$9="","",INDEX($BB$3:$BB$22,$BJ$9)) | C18: =IF($BJ$9="","",INDEX($BE$3:$BE$22,$BJ$9)) | D18: =IF($BJ$9="","",INDEX($BF$3:$BF$22,$BJ$9)) | E18: =IF(A18="","",IF(D18=0,"-",IF(C18>0,D18/C18,1))) | G18: =A18 | H18: =IF($BJ$9="","",INDEX($BC$3:$BC$22,$BJ$9)) | I18: =IF($BJ$9="","",INDEX($BD$3:$BD$22,$BJ$9)) | J18: =IF(A18="","",IF(H18>0,I18/H18,1)) | K18: =IF($BJ$9="","",INDEX($BG$3:$BG$22,$BJ$9)) | L18: =IF($BJ$9="","",INDEX($BH$3:$BH$22,$BJ$9)) | BA18: ='Tính'!B18 | BB18: ='Tính'!D18 | BC18: =IF($AZ$1=0,'Tính'!$Z$18,CHOOSE($AZ$1,'Tính'!$G$18,'Tính'!$L$18,'Tính'!$Q$18,'Tính'!$V$18)) | BD18: =IF($AZ$1=0,'Tính'!$Y$18,CHOOSE($AZ$1,'Tính'!$E$18,'Tính'!$J$18,'Tính'!$O$18,'Tính'!$T$18)) | BE18: =IF($AZ$1=0,'Tính'!$AB$18,CHOOSE($AZ$1,'Tính'!$I$18,'Tính'!$N$18,'Tính'!$S$18,'Tính'!$X$18)) | BF18: =IF($AZ$1=0,'Tính'!$AA$18,CHOOSE($AZ$1,'Tính'!$H$18,'Tính'!$M$18,'Tính'!$R$18,'Tính'!$W$18)) | BG18: =IF(BC18>0,BD18/NgayQua*SoNgay/BC18,IF(BD18>0,1,0)) | BH18: =IF(CoRTNhom=1,IF(BC18>0,(BD18+BF18)/(NgayQua+1)*SoNgay/BC18,IF(BD18+BF18>0,1,0)),BG18) | BI18: =IF(BA18="",-1,IF(BB18="Chính",1000,0)+BH18+(20-16)/100000) | BJ18: =IF(LARGE($BI$3:$BI$22,16)<0,"",MATCH(LARGE($BI$3:$BI$22,16),$BI$3:$BI$22,0)) | CA18: 16 | CB18: =IF('Tính'!B54="",0,IF(OR($AZ$1=0,'Tính'!D54=$AZ$1),1,0)) | CC18: =IF(CB18=1,'Tính'!L54*1000+'Tính'!M54+1+(45-16)/1000000,-1) | CD18: =IF(LARGE($CC$3:$CC$47,16)<0,"",MATCH(LARGE($CC$3:$CC$47,16),$CC$3:$CC$47,0))
A19: =IF($BJ$10="","",INDEX($BA$3:$BA$22,$BJ$10)) | B19: =IF($BJ$10="","",INDEX($BB$3:$BB$22,$BJ$10)) | C19: =IF($BJ$10="","",INDEX($BE$3:$BE$22,$BJ$10)) | D19: =IF($BJ$10="","",INDEX($BF$3:$BF$22,$BJ$10)) | E19: =IF(A19="","",IF(D19=0,"-",IF(C19>0,D19/C19,1))) | G19: =A19 | H19: =IF($BJ$10="","",INDEX($BC$3:$BC$22,$BJ$10)) | I19: =IF($BJ$10="","",INDEX($BD$3:$BD$22,$BJ$10)) | J19: =IF(A19="","",IF(H19>0,I19/H19,1)) | K19: =IF($BJ$10="","",INDEX($BG$3:$BG$22,$BJ$10)) | L19: =IF($BJ$10="","",INDEX($BH$3:$BH$22,$BJ$10)) | BA19: ='Tính'!B19 | BB19: ='Tính'!D19 | BC19: =IF($AZ$1=0,'Tính'!$Z$19,CHOOSE($AZ$1,'Tính'!$G$19,'Tính'!$L$19,'Tính'!$Q$19,'Tính'!$V$19)) | BD19: =IF($AZ$1=0,'Tính'!$Y$19,CHOOSE($AZ$1,'Tính'!$E$19,'Tính'!$J$19,'Tính'!$O$19,'Tính'!$T$19)) | BE19: =IF($AZ$1=0,'Tính'!$AB$19,CHOOSE($AZ$1,'Tính'!$I$19,'Tính'!$N$19,'Tính'!$S$19,'Tính'!$X$19)) | BF19: =IF($AZ$1=0,'Tính'!$AA$19,CHOOSE($AZ$1,'Tính'!$H$19,'Tính'!$M$19,'Tính'!$R$19,'Tính'!$W$19)) | BG19: =IF(BC19>0,BD19/NgayQua*SoNgay/BC19,IF(BD19>0,1,0)) | BH19: =IF(CoRTNhom=1,IF(BC19>0,(BD19+BF19)/(NgayQua+1)*SoNgay/BC19,IF(BD19+BF19>0,1,0)),BG19) | BI19: =IF(BA19="",-1,IF(BB19="Chính",1000,0)+BH19+(20-17)/100000) | BJ19: =IF(LARGE($BI$3:$BI$22,17)<0,"",MATCH(LARGE($BI$3:$BI$22,17),$BI$3:$BI$22,0)) | CA19: 17 | CB19: =IF('Tính'!B55="",0,IF(OR($AZ$1=0,'Tính'!D55=$AZ$1),1,0)) | CC19: =IF(CB19=1,'Tính'!L55*1000+'Tính'!M55+1+(45-17)/1000000,-1) | CD19: =IF(LARGE($CC$3:$CC$47,17)<0,"",MATCH(LARGE($CC$3:$CC$47,17),$CC$3:$CC$47,0))
A20: =IF($BJ$11="","",INDEX($BA$3:$BA$22,$BJ$11)) | B20: =IF($BJ$11="","",INDEX($BB$3:$BB$22,$BJ$11)) | C20: =IF($BJ$11="","",INDEX($BE$3:$BE$22,$BJ$11)) | D20: =IF($BJ$11="","",INDEX($BF$3:$BF$22,$BJ$11)) | E20: =IF(A20="","",IF(D20=0,"-",IF(C20>0,D20/C20,1))) | G20: =A20 | H20: =IF($BJ$11="","",INDEX($BC$3:$BC$22,$BJ$11)) | I20: =IF($BJ$11="","",INDEX($BD$3:$BD$22,$BJ$11)) | J20: =IF(A20="","",IF(H20>0,I20/H20,1)) | K20: =IF($BJ$11="","",INDEX($BG$3:$BG$22,$BJ$11)) | L20: =IF($BJ$11="","",INDEX($BH$3:$BH$22,$BJ$11)) | BA20: ='Tính'!B20 | BB20: ='Tính'!D20 | BC20: =IF($AZ$1=0,'Tính'!$Z$20,CHOOSE($AZ$1,'Tính'!$G$20,'Tính'!$L$20,'Tính'!$Q$20,'Tính'!$V$20)) | BD20: =IF($AZ$1=0,'Tính'!$Y$20,CHOOSE($AZ$1,'Tính'!$E$20,'Tính'!$J$20,'Tính'!$O$20,'Tính'!$T$20)) | BE20: =IF($AZ$1=0,'Tính'!$AB$20,CHOOSE($AZ$1,'Tính'!$I$20,'Tính'!$N$20,'Tính'!$S$20,'Tính'!$X$20)) | BF20: =IF($AZ$1=0,'Tính'!$AA$20,CHOOSE($AZ$1,'Tính'!$H$20,'Tính'!$M$20,'Tính'!$R$20,'Tính'!$W$20)) | BG20: =IF(BC20>0,BD20/NgayQua*SoNgay/BC20,IF(BD20>0,1,0)) | BH20: =IF(CoRTNhom=1,IF(BC20>0,(BD20+BF20)/(NgayQua+1)*SoNgay/BC20,IF(BD20+BF20>0,1,0)),BG20) | BI20: =IF(BA20="",-1,IF(BB20="Chính",1000,0)+BH20+(20-18)/100000) | BJ20: =IF(LARGE($BI$3:$BI$22,18)<0,"",MATCH(LARGE($BI$3:$BI$22,18),$BI$3:$BI$22,0)) | CA20: 18 | CB20: =IF('Tính'!B56="",0,IF(OR($AZ$1=0,'Tính'!D56=$AZ$1),1,0)) | CC20: =IF(CB20=1,'Tính'!L56*1000+'Tính'!M56+1+(45-18)/1000000,-1) | CD20: =IF(LARGE($CC$3:$CC$47,18)<0,"",MATCH(LARGE($CC$3:$CC$47,18),$CC$3:$CC$47,0))
A21: =IF($BJ$12="","",INDEX($BA$3:$BA$22,$BJ$12)) | B21: =IF($BJ$12="","",INDEX($BB$3:$BB$22,$BJ$12)) | C21: =IF($BJ$12="","",INDEX($BE$3:$BE$22,$BJ$12)) | D21: =IF($BJ$12="","",INDEX($BF$3:$BF$22,$BJ$12)) | E21: =IF(A21="","",IF(D21=0,"-",IF(C21>0,D21/C21,1))) | G21: =A21 | H21: =IF($BJ$12="","",INDEX($BC$3:$BC$22,$BJ$12)) | I21: =IF($BJ$12="","",INDEX($BD$3:$BD$22,$BJ$12)) | J21: =IF(A21="","",IF(H21>0,I21/H21,1)) | K21: =IF($BJ$12="","",INDEX($BG$3:$BG$22,$BJ$12)) | L21: =IF($BJ$12="","",INDEX($BH$3:$BH$22,$BJ$12)) | BA21: ='Tính'!B21 | BB21: ='Tính'!D21 | BC21: =IF($AZ$1=0,'Tính'!$Z$21,CHOOSE($AZ$1,'Tính'!$G$21,'Tính'!$L$21,'Tính'!$Q$21,'Tính'!$V$21)) | BD21: =IF($AZ$1=0,'Tính'!$Y$21,CHOOSE($AZ$1,'Tính'!$E$21,'Tính'!$J$21,'Tính'!$O$21,'Tính'!$T$21)) | BE21: =IF($AZ$1=0,'Tính'!$AB$21,CHOOSE($AZ$1,'Tính'!$I$21,'Tính'!$N$21,'Tính'!$S$21,'Tính'!$X$21)) | BF21: =IF($AZ$1=0,'Tính'!$AA$21,CHOOSE($AZ$1,'Tính'!$H$21,'Tính'!$M$21,'Tính'!$R$21,'Tính'!$W$21)) | BG21: =IF(BC21>0,BD21/NgayQua*SoNgay/BC21,IF(BD21>0,1,0)) | BH21: =IF(CoRTNhom=1,IF(BC21>0,(BD21+BF21)/(NgayQua+1)*SoNgay/BC21,IF(BD21+BF21>0,1,0)),BG21) | BI21: =IF(BA21="",-1,IF(BB21="Chính",1000,0)+BH21+(20-19)/100000) | BJ21: =IF(LARGE($BI$3:$BI$22,19)<0,"",MATCH(LARGE($BI$3:$BI$22,19),$BI$3:$BI$22,0)) | CA21: 19 | CB21: =IF('Tính'!B57="",0,IF(OR($AZ$1=0,'Tính'!D57=$AZ$1),1,0)) | CC21: =IF(CB21=1,'Tính'!L57*1000+'Tính'!M57+1+(45-19)/1000000,-1) | CD21: =IF(LARGE($CC$3:$CC$47,19)<0,"",MATCH(LARGE($CC$3:$CC$47,19),$CC$3:$CC$47,0))
A22: =IF($BJ$13="","",INDEX($BA$3:$BA$22,$BJ$13)) | B22: =IF($BJ$13="","",INDEX($BB$3:$BB$22,$BJ$13)) | C22: =IF($BJ$13="","",INDEX($BE$3:$BE$22,$BJ$13)) | D22: =IF($BJ$13="","",INDEX($BF$3:$BF$22,$BJ$13)) | E22: =IF(A22="","",IF(D22=0,"-",IF(C22>0,D22/C22,1))) | G22: =A22 | H22: =IF($BJ$13="","",INDEX($BC$3:$BC$22,$BJ$13)) | I22: =IF($BJ$13="","",INDEX($BD$3:$BD$22,$BJ$13)) | J22: =IF(A22="","",IF(H22>0,I22/H22,1)) | K22: =IF($BJ$13="","",INDEX($BG$3:$BG$22,$BJ$13)) | L22: =IF($BJ$13="","",INDEX($BH$3:$BH$22,$BJ$13)) | BA22: ='Tính'!B22 | BB22: ='Tính'!D22 | BC22: =IF($AZ$1=0,'Tính'!$Z$22,CHOOSE($AZ$1,'Tính'!$G$22,'Tính'!$L$22,'Tính'!$Q$22,'Tính'!$V$22)) | BD22: =IF($AZ$1=0,'Tính'!$Y$22,CHOOSE($AZ$1,'Tính'!$E$22,'Tính'!$J$22,'Tính'!$O$22,'Tính'!$T$22)) | BE22: =IF($AZ$1=0,'Tính'!$AB$22,CHOOSE($AZ$1,'Tính'!$I$22,'Tính'!$N$22,'Tính'!$S$22,'Tính'!$X$22)) | BF22: =IF($AZ$1=0,'Tính'!$AA$22,CHOOSE($AZ$1,'Tính'!$H$22,'Tính'!$M$22,'Tính'!$R$22,'Tính'!$W$22)) | BG22: =IF(BC22>0,BD22/NgayQua*SoNgay/BC22,IF(BD22>0,1,0)) | BH22: =IF(CoRTNhom=1,IF(BC22>0,(BD22+BF22)/(NgayQua+1)*SoNgay/BC22,IF(BD22+BF22>0,1,0)),BG22) | BI22: =IF(BA22="",-1,IF(BB22="Chính",1000,0)+BH22+(20-20)/100000) | BJ22: =IF(LARGE($BI$3:$BI$22,20)<0,"",MATCH(LARGE($BI$3:$BI$22,20),$BI$3:$BI$22,0)) | CA22: 20 | CB22: =IF('Tính'!B58="",0,IF(OR($AZ$1=0,'Tính'!D58=$AZ$1),1,0)) | CC22: =IF(CB22=1,'Tính'!L58*1000+'Tính'!M58+1+(45-20)/1000000,-1) | CD22: =IF(LARGE($CC$3:$CC$47,20)<0,"",MATCH(LARGE($CC$3:$CC$47,20),$CC$3:$CC$47,0))
A23: =IF($BJ$14="","",INDEX($BA$3:$BA$22,$BJ$14)) | B23: =IF($BJ$14="","",INDEX($BB$3:$BB$22,$BJ$14)) | C23: =IF($BJ$14="","",INDEX($BE$3:$BE$22,$BJ$14)) | D23: =IF($BJ$14="","",INDEX($BF$3:$BF$22,$BJ$14)) | E23: =IF(A23="","",IF(D23=0,"-",IF(C23>0,D23/C23,1))) | G23: =A23 | H23: =IF($BJ$14="","",INDEX($BC$3:$BC$22,$BJ$14)) | I23: =IF($BJ$14="","",INDEX($BD$3:$BD$22,$BJ$14)) | J23: =IF(A23="","",IF(H23>0,I23/H23,1)) | K23: =IF($BJ$14="","",INDEX($BG$3:$BG$22,$BJ$14)) | L23: =IF($BJ$14="","",INDEX($BH$3:$BH$22,$BJ$14)) | CA23: 21 | CB23: =IF('Tính'!B59="",0,IF(OR($AZ$1=0,'Tính'!D59=$AZ$1),1,0)) | CC23: =IF(CB23=1,'Tính'!L59*1000+'Tính'!M59+1+(45-21)/1000000,-1) | CD23: =IF(LARGE($CC$3:$CC$47,21)<0,"",MATCH(LARGE($CC$3:$CC$47,21),$CC$3:$CC$47,0))
A24: =IF($BJ$15="","",INDEX($BA$3:$BA$22,$BJ$15)) | B24: =IF($BJ$15="","",INDEX($BB$3:$BB$22,$BJ$15)) | C24: =IF($BJ$15="","",INDEX($BE$3:$BE$22,$BJ$15)) | D24: =IF($BJ$15="","",INDEX($BF$3:$BF$22,$BJ$15)) | E24: =IF(A24="","",IF(D24=0,"-",IF(C24>0,D24/C24,1))) | G24: =A24 | H24: =IF($BJ$15="","",INDEX($BC$3:$BC$22,$BJ$15)) | I24: =IF($BJ$15="","",INDEX($BD$3:$BD$22,$BJ$15)) | J24: =IF(A24="","",IF(H24>0,I24/H24,1)) | K24: =IF($BJ$15="","",INDEX($BG$3:$BG$22,$BJ$15)) | L24: =IF($BJ$15="","",INDEX($BH$3:$BH$22,$BJ$15)) | CA24: 22 | CB24: =IF('Tính'!B60="",0,IF(OR($AZ$1=0,'Tính'!D60=$AZ$1),1,0)) | CC24: =IF(CB24=1,'Tính'!L60*1000+'Tính'!M60+1+(45-22)/1000000,-1) | CD24: =IF(LARGE($CC$3:$CC$47,22)<0,"",MATCH(LARGE($CC$3:$CC$47,22),$CC$3:$CC$47,0))
A25: =IF($BJ$16="","",INDEX($BA$3:$BA$22,$BJ$16)) | B25: =IF($BJ$16="","",INDEX($BB$3:$BB$22,$BJ$16)) | C25: =IF($BJ$16="","",INDEX($BE$3:$BE$22,$BJ$16)) | D25: =IF($BJ$16="","",INDEX($BF$3:$BF$22,$BJ$16)) | E25: =IF(A25="","",IF(D25=0,"-",IF(C25>0,D25/C25,1))) | G25: =A25 | H25: =IF($BJ$16="","",INDEX($BC$3:$BC$22,$BJ$16)) | I25: =IF($BJ$16="","",INDEX($BD$3:$BD$22,$BJ$16)) | J25: =IF(A25="","",IF(H25>0,I25/H25,1)) | K25: =IF($BJ$16="","",INDEX($BG$3:$BG$22,$BJ$16)) | L25: =IF($BJ$16="","",INDEX($BH$3:$BH$22,$BJ$16)) | CA25: 23 | CB25: =IF('Tính'!B61="",0,IF(OR($AZ$1=0,'Tính'!D61=$AZ$1),1,0)) | CC25: =IF(CB25=1,'Tính'!L61*1000+'Tính'!M61+1+(45-23)/1000000,-1) | CD25: =IF(LARGE($CC$3:$CC$47,23)<0,"",MATCH(LARGE($CC$3:$CC$47,23),$CC$3:$CC$47,0))
A26: =IF($BJ$17="","",INDEX($BA$3:$BA$22,$BJ$17)) | B26: =IF($BJ$17="","",INDEX($BB$3:$BB$22,$BJ$17)) | C26: =IF($BJ$17="","",INDEX($BE$3:$BE$22,$BJ$17)) | D26: =IF($BJ$17="","",INDEX($BF$3:$BF$22,$BJ$17)) | E26: =IF(A26="","",IF(D26=0,"-",IF(C26>0,D26/C26,1))) | G26: =A26 | H26: =IF($BJ$17="","",INDEX($BC$3:$BC$22,$BJ$17)) | I26: =IF($BJ$17="","",INDEX($BD$3:$BD$22,$BJ$17)) | J26: =IF(A26="","",IF(H26>0,I26/H26,1)) | K26: =IF($BJ$17="","",INDEX($BG$3:$BG$22,$BJ$17)) | L26: =IF($BJ$17="","",INDEX($BH$3:$BH$22,$BJ$17)) | CA26: 24 | CB26: =IF('Tính'!B62="",0,IF(OR($AZ$1=0,'Tính'!D62=$AZ$1),1,0)) | CC26: =IF(CB26=1,'Tính'!L62*1000+'Tính'!M62+1+(45-24)/1000000,-1) | CD26: =IF(LARGE($CC$3:$CC$47,24)<0,"",MATCH(LARGE($CC$3:$CC$47,24),$CC$3:$CC$47,0))
A27: =IF($BJ$18="","",INDEX($BA$3:$BA$22,$BJ$18)) | B27: =IF($BJ$18="","",INDEX($BB$3:$BB$22,$BJ$18)) | C27: =IF($BJ$18="","",INDEX($BE$3:$BE$22,$BJ$18)) | D27: =IF($BJ$18="","",INDEX($BF$3:$BF$22,$BJ$18)) | E27: =IF(A27="","",IF(D27=0,"-",IF(C27>0,D27/C27,1))) | G27: =A27 | H27: =IF($BJ$18="","",INDEX($BC$3:$BC$22,$BJ$18)) | I27: =IF($BJ$18="","",INDEX($BD$3:$BD$22,$BJ$18)) | J27: =IF(A27="","",IF(H27>0,I27/H27,1)) | K27: =IF($BJ$18="","",INDEX($BG$3:$BG$22,$BJ$18)) | L27: =IF($BJ$18="","",INDEX($BH$3:$BH$22,$BJ$18)) | CA27: 25 | CB27: =IF('Tính'!B63="",0,IF(OR($AZ$1=0,'Tính'!D63=$AZ$1),1,0)) | CC27: =IF(CB27=1,'Tính'!L63*1000+'Tính'!M63+1+(45-25)/1000000,-1) | CD27: =IF(LARGE($CC$3:$CC$47,25)<0,"",MATCH(LARGE($CC$3:$CC$47,25),$CC$3:$CC$47,0))
A28: =IF($BJ$19="","",INDEX($BA$3:$BA$22,$BJ$19)) | B28: =IF($BJ$19="","",INDEX($BB$3:$BB$22,$BJ$19)) | C28: =IF($BJ$19="","",INDEX($BE$3:$BE$22,$BJ$19)) | D28: =IF($BJ$19="","",INDEX($BF$3:$BF$22,$BJ$19)) | E28: =IF(A28="","",IF(D28=0,"-",IF(C28>0,D28/C28,1))) | G28: =A28 | H28: =IF($BJ$19="","",INDEX($BC$3:$BC$22,$BJ$19)) | I28: =IF($BJ$19="","",INDEX($BD$3:$BD$22,$BJ$19)) | J28: =IF(A28="","",IF(H28>0,I28/H28,1)) | K28: =IF($BJ$19="","",INDEX($BG$3:$BG$22,$BJ$19)) | L28: =IF($BJ$19="","",INDEX($BH$3:$BH$22,$BJ$19)) | CA28: 26 | CB28: =IF('Tính'!B64="",0,IF(OR($AZ$1=0,'Tính'!D64=$AZ$1),1,0)) | CC28: =IF(CB28=1,'Tính'!L64*1000+'Tính'!M64+1+(45-26)/1000000,-1) | CD28: =IF(LARGE($CC$3:$CC$47,26)<0,"",MATCH(LARGE($CC$3:$CC$47,26),$CC$3:$CC$47,0))
A29: =IF($BJ$20="","",INDEX($BA$3:$BA$22,$BJ$20)) | B29: =IF($BJ$20="","",INDEX($BB$3:$BB$22,$BJ$20)) | C29: =IF($BJ$20="","",INDEX($BE$3:$BE$22,$BJ$20)) | D29: =IF($BJ$20="","",INDEX($BF$3:$BF$22,$BJ$20)) | E29: =IF(A29="","",IF(D29=0,"-",IF(C29>0,D29/C29,1))) | G29: =A29 | H29: =IF($BJ$20="","",INDEX($BC$3:$BC$22,$BJ$20)) | I29: =IF($BJ$20="","",INDEX($BD$3:$BD$22,$BJ$20)) | J29: =IF(A29="","",IF(H29>0,I29/H29,1)) | K29: =IF($BJ$20="","",INDEX($BG$3:$BG$22,$BJ$20)) | L29: =IF($BJ$20="","",INDEX($BH$3:$BH$22,$BJ$20)) | CA29: 27 | CB29: =IF('Tính'!B65="",0,IF(OR($AZ$1=0,'Tính'!D65=$AZ$1),1,0)) | CC29: =IF(CB29=1,'Tính'!L65*1000+'Tính'!M65+1+(45-27)/1000000,-1) | CD29: =IF(LARGE($CC$3:$CC$47,27)<0,"",MATCH(LARGE($CC$3:$CC$47,27),$CC$3:$CC$47,0))
A30: =IF($BJ$21="","",INDEX($BA$3:$BA$22,$BJ$21)) | B30: =IF($BJ$21="","",INDEX($BB$3:$BB$22,$BJ$21)) | C30: =IF($BJ$21="","",INDEX($BE$3:$BE$22,$BJ$21)) | D30: =IF($BJ$21="","",INDEX($BF$3:$BF$22,$BJ$21)) | E30: =IF(A30="","",IF(D30=0,"-",IF(C30>0,D30/C30,1))) | G30: =A30 | H30: =IF($BJ$21="","",INDEX($BC$3:$BC$22,$BJ$21)) | I30: =IF($BJ$21="","",INDEX($BD$3:$BD$22,$BJ$21)) | J30: =IF(A30="","",IF(H30>0,I30/H30,1)) | K30: =IF($BJ$21="","",INDEX($BG$3:$BG$22,$BJ$21)) | L30: =IF($BJ$21="","",INDEX($BH$3:$BH$22,$BJ$21)) | CA30: 28 | CB30: =IF('Tính'!B66="",0,IF(OR($AZ$1=0,'Tính'!D66=$AZ$1),1,0)) | CC30: =IF(CB30=1,'Tính'!L66*1000+'Tính'!M66+1+(45-28)/1000000,-1) | CD30: =IF(LARGE($CC$3:$CC$47,28)<0,"",MATCH(LARGE($CC$3:$CC$47,28),$CC$3:$CC$47,0))
A31: =IF($BJ$22="","",INDEX($BA$3:$BA$22,$BJ$22)) | B31: =IF($BJ$22="","",INDEX($BB$3:$BB$22,$BJ$22)) | C31: =IF($BJ$22="","",INDEX($BE$3:$BE$22,$BJ$22)) | D31: =IF($BJ$22="","",INDEX($BF$3:$BF$22,$BJ$22)) | E31: =IF(A31="","",IF(D31=0,"-",IF(C31>0,D31/C31,1))) | G31: =A31 | H31: =IF($BJ$22="","",INDEX($BC$3:$BC$22,$BJ$22)) | I31: =IF($BJ$22="","",INDEX($BD$3:$BD$22,$BJ$22)) | J31: =IF(A31="","",IF(H31>0,I31/H31,1)) | K31: =IF($BJ$22="","",INDEX($BG$3:$BG$22,$BJ$22)) | L31: =IF($BJ$22="","",INDEX($BH$3:$BH$22,$BJ$22)) | CA31: 29 | CB31: =IF('Tính'!B67="",0,IF(OR($AZ$1=0,'Tính'!D67=$AZ$1),1,0)) | CC31: =IF(CB31=1,'Tính'!L67*1000+'Tính'!M67+1+(45-29)/1000000,-1) | CD31: =IF(LARGE($CC$3:$CC$47,29)<0,"",MATCH(LARGE($CC$3:$CC$47,29),$CC$3:$CC$47,0))
CA32: 30 | CB32: =IF('Tính'!B68="",0,IF(OR($AZ$1=0,'Tính'!D68=$AZ$1),1,0)) | CC32: =IF(CB32=1,'Tính'!L68*1000+'Tính'!M68+1+(45-30)/1000000,-1) | CD32: =IF(LARGE($CC$3:$CC$47,30)<0,"",MATCH(LARGE($CC$3:$CC$47,30),$CC$3:$CC$47,0))
A33: DOANH THU NV HÔM NAY | G33: LŨY KẾ THÁNG | CA33: 31 | CB33: =IF('Tính'!B69="",0,IF(OR($AZ$1=0,'Tính'!D69=$AZ$1),1,0)) | CC33: =IF(CB33=1,'Tính'!L69*1000+'Tính'!M69+1+(45-31)/1000000,-1) | CD33: =IF(LARGE($CC$3:$CC$47,31)<0,"",MATCH(LARGE($CC$3:$CC$47,31),$CC$3:$CC$47,0))
A34: Nhân viên | C34: Hôm nay ▼ | G34: Lũy kế | H34: Mục tiêu | I34: % HT | J34: Dự kiến | K34: Shop | CA34: 32 | CB34: =IF('Tính'!B70="",0,IF(OR($AZ$1=0,'Tính'!D70=$AZ$1),1,0)) | CC34: =IF(CB34=1,'Tính'!L70*1000+'Tính'!M70+1+(45-32)/1000000,-1) | CD34: =IF(LARGE($CC$3:$CC$47,32)<0,"",MATCH(LARGE($CC$3:$CC$47,32),$CC$3:$CC$47,0))
A35: =IF($CD$3="","",1&". "&IF($CD$3="","",INDEX('Tính'!$C$39:$C$83,$CD$3))) | C35: =IF($CD$3="","",INDEX('Tính'!$L$39:$L$83,$CD$3)) | G35: =IF($CD$3="","",INDEX('Tính'!$K$39:$K$83,$CD$3)) | H35: =IF($CD$3="","",INDEX('Tính'!$J$39:$J$83,$CD$3)) | I35: =IF($CD$3="","",INDEX('Tính'!$N$39:$N$83,$CD$3)) | J35: =IF($CD$3="","",INDEX('Tính'!$M$39:$M$83,$CD$3)) | K35: =IF($CD$3="","",INDEX('Tính'!$O$39:$O$83,$CD$3)) | CA35: 33 | CB35: =IF('Tính'!B71="",0,IF(OR($AZ$1=0,'Tính'!D71=$AZ$1),1,0)) | CC35: =IF(CB35=1,'Tính'!L71*1000+'Tính'!M71+1+(45-33)/1000000,-1) | CD35: =IF(LARGE($CC$3:$CC$47,33)<0,"",MATCH(LARGE($CC$3:$CC$47,33),$CC$3:$CC$47,0))
A36: =IF($CD$4="","",2&". "&IF($CD$4="","",INDEX('Tính'!$C$39:$C$83,$CD$4))) | C36: =IF($CD$4="","",INDEX('Tính'!$L$39:$L$83,$CD$4)) | G36: =IF($CD$4="","",INDEX('Tính'!$K$39:$K$83,$CD$4)) | H36: =IF($CD$4="","",INDEX('Tính'!$J$39:$J$83,$CD$4)) | I36: =IF($CD$4="","",INDEX('Tính'!$N$39:$N$83,$CD$4)) | J36: =IF($CD$4="","",INDEX('Tính'!$M$39:$M$83,$CD$4)) | K36: =IF($CD$4="","",INDEX('Tính'!$O$39:$O$83,$CD$4)) | CA36: 34 | CB36: =IF('Tính'!B72="",0,IF(OR($AZ$1=0,'Tính'!D72=$AZ$1),1,0)) | CC36: =IF(CB36=1,'Tính'!L72*1000+'Tính'!M72+1+(45-34)/1000000,-1) | CD36: =IF(LARGE($CC$3:$CC$47,34)<0,"",MATCH(LARGE($CC$3:$CC$47,34),$CC$3:$CC$47,0))
A37: =IF($CD$5="","",3&". "&IF($CD$5="","",INDEX('Tính'!$C$39:$C$83,$CD$5))) | C37: =IF($CD$5="","",INDEX('Tính'!$L$39:$L$83,$CD$5)) | G37: =IF($CD$5="","",INDEX('Tính'!$K$39:$K$83,$CD$5)) | H37: =IF($CD$5="","",INDEX('Tính'!$J$39:$J$83,$CD$5)) | I37: =IF($CD$5="","",INDEX('Tính'!$N$39:$N$83,$CD$5)) | J37: =IF($CD$5="","",INDEX('Tính'!$M$39:$M$83,$CD$5)) | K37: =IF($CD$5="","",INDEX('Tính'!$O$39:$O$83,$CD$5)) | CA37: 35 | CB37: =IF('Tính'!B73="",0,IF(OR($AZ$1=0,'Tính'!D73=$AZ$1),1,0)) | CC37: =IF(CB37=1,'Tính'!L73*1000+'Tính'!M73+1+(45-35)/1000000,-1) | CD37: =IF(LARGE($CC$3:$CC$47,35)<0,"",MATCH(LARGE($CC$3:$CC$47,35),$CC$3:$CC$47,0))
A38: =IF($CD$6="","",4&". "&IF($CD$6="","",INDEX('Tính'!$C$39:$C$83,$CD$6))) | C38: =IF($CD$6="","",INDEX('Tính'!$L$39:$L$83,$CD$6)) | G38: =IF($CD$6="","",INDEX('Tính'!$K$39:$K$83,$CD$6)) | H38: =IF($CD$6="","",INDEX('Tính'!$J$39:$J$83,$CD$6)) | I38: =IF($CD$6="","",INDEX('Tính'!$N$39:$N$83,$CD$6)) | J38: =IF($CD$6="","",INDEX('Tính'!$M$39:$M$83,$CD$6)) | K38: =IF($CD$6="","",INDEX('Tính'!$O$39:$O$83,$CD$6)) | CA38: 36 | CB38: =IF('Tính'!B74="",0,IF(OR($AZ$1=0,'Tính'!D74=$AZ$1),1,0)) | CC38: =IF(CB38=1,'Tính'!L74*1000+'Tính'!M74+1+(45-36)/1000000,-1) | CD38: =IF(LARGE($CC$3:$CC$47,36)<0,"",MATCH(LARGE($CC$3:$CC$47,36),$CC$3:$CC$47,0))
A39: =IF($CD$7="","",5&". "&IF($CD$7="","",INDEX('Tính'!$C$39:$C$83,$CD$7))) | C39: =IF($CD$7="","",INDEX('Tính'!$L$39:$L$83,$CD$7)) | G39: =IF($CD$7="","",INDEX('Tính'!$K$39:$K$83,$CD$7)) | H39: =IF($CD$7="","",INDEX('Tính'!$J$39:$J$83,$CD$7)) | I39: =IF($CD$7="","",INDEX('Tính'!$N$39:$N$83,$CD$7)) | J39: =IF($CD$7="","",INDEX('Tính'!$M$39:$M$83,$CD$7)) | K39: =IF($CD$7="","",INDEX('Tính'!$O$39:$O$83,$CD$7)) | CA39: 37 | CB39: =IF('Tính'!B75="",0,IF(OR($AZ$1=0,'Tính'!D75=$AZ$1),1,0)) | CC39: =IF(CB39=1,'Tính'!L75*1000+'Tính'!M75+1+(45-37)/1000000,-1) | CD39: =IF(LARGE($CC$3:$CC$47,37)<0,"",MATCH(LARGE($CC$3:$CC$47,37),$CC$3:$CC$47,0))
A40: =IF($CD$8="","",6&". "&IF($CD$8="","",INDEX('Tính'!$C$39:$C$83,$CD$8))) | C40: =IF($CD$8="","",INDEX('Tính'!$L$39:$L$83,$CD$8)) | G40: =IF($CD$8="","",INDEX('Tính'!$K$39:$K$83,$CD$8)) | H40: =IF($CD$8="","",INDEX('Tính'!$J$39:$J$83,$CD$8)) | I40: =IF($CD$8="","",INDEX('Tính'!$N$39:$N$83,$CD$8)) | J40: =IF($CD$8="","",INDEX('Tính'!$M$39:$M$83,$CD$8)) | K40: =IF($CD$8="","",INDEX('Tính'!$O$39:$O$83,$CD$8)) | CA40: 38 | CB40: =IF('Tính'!B76="",0,IF(OR($AZ$1=0,'Tính'!D76=$AZ$1),1,0)) | CC40: =IF(CB40=1,'Tính'!L76*1000+'Tính'!M76+1+(45-38)/1000000,-1) | CD40: =IF(LARGE($CC$3:$CC$47,38)<0,"",MATCH(LARGE($CC$3:$CC$47,38),$CC$3:$CC$47,0))
A41: =IF($CD$9="","",7&". "&IF($CD$9="","",INDEX('Tính'!$C$39:$C$83,$CD$9))) | C41: =IF($CD$9="","",INDEX('Tính'!$L$39:$L$83,$CD$9)) | G41: =IF($CD$9="","",INDEX('Tính'!$K$39:$K$83,$CD$9)) | H41: =IF($CD$9="","",INDEX('Tính'!$J$39:$J$83,$CD$9)) | I41: =IF($CD$9="","",INDEX('Tính'!$N$39:$N$83,$CD$9)) | J41: =IF($CD$9="","",INDEX('Tính'!$M$39:$M$83,$CD$9)) | K41: =IF($CD$9="","",INDEX('Tính'!$O$39:$O$83,$CD$9)) | CA41: 39 | CB41: =IF('Tính'!B77="",0,IF(OR($AZ$1=0,'Tính'!D77=$AZ$1),1,0)) | CC41: =IF(CB41=1,'Tính'!L77*1000+'Tính'!M77+1+(45-39)/1000000,-1) | CD41: =IF(LARGE($CC$3:$CC$47,39)<0,"",MATCH(LARGE($CC$3:$CC$47,39),$CC$3:$CC$47,0))
A42: =IF($CD$10="","",8&". "&IF($CD$10="","",INDEX('Tính'!$C$39:$C$83,$CD$10))) | C42: =IF($CD$10="","",INDEX('Tính'!$L$39:$L$83,$CD$10)) | G42: =IF($CD$10="","",INDEX('Tính'!$K$39:$K$83,$CD$10)) | H42: =IF($CD$10="","",INDEX('Tính'!$J$39:$J$83,$CD$10)) | I42: =IF($CD$10="","",INDEX('Tính'!$N$39:$N$83,$CD$10)) | J42: =IF($CD$10="","",INDEX('Tính'!$M$39:$M$83,$CD$10)) | K42: =IF($CD$10="","",INDEX('Tính'!$O$39:$O$83,$CD$10)) | CA42: 40 | CB42: =IF('Tính'!B78="",0,IF(OR($AZ$1=0,'Tính'!D78=$AZ$1),1,0)) | CC42: =IF(CB42=1,'Tính'!L78*1000+'Tính'!M78+1+(45-40)/1000000,-1) | CD42: =IF(LARGE($CC$3:$CC$47,40)<0,"",MATCH(LARGE($CC$3:$CC$47,40),$CC$3:$CC$47,0))
A43: =IF($CD$11="","",9&". "&IF($CD$11="","",INDEX('Tính'!$C$39:$C$83,$CD$11))) | C43: =IF($CD$11="","",INDEX('Tính'!$L$39:$L$83,$CD$11)) | G43: =IF($CD$11="","",INDEX('Tính'!$K$39:$K$83,$CD$11)) | H43: =IF($CD$11="","",INDEX('Tính'!$J$39:$J$83,$CD$11)) | I43: =IF($CD$11="","",INDEX('Tính'!$N$39:$N$83,$CD$11)) | J43: =IF($CD$11="","",INDEX('Tính'!$M$39:$M$83,$CD$11)) | K43: =IF($CD$11="","",INDEX('Tính'!$O$39:$O$83,$CD$11)) | CA43: 41 | CB43: =IF('Tính'!B79="",0,IF(OR($AZ$1=0,'Tính'!D79=$AZ$1),1,0)) | CC43: =IF(CB43=1,'Tính'!L79*1000+'Tính'!M79+1+(45-41)/1000000,-1) | CD43: =IF(LARGE($CC$3:$CC$47,41)<0,"",MATCH(LARGE($CC$3:$CC$47,41),$CC$3:$CC$47,0))
A44: =IF($CD$12="","",10&". "&IF($CD$12="","",INDEX('Tính'!$C$39:$C$83,$CD$12))) | C44: =IF($CD$12="","",INDEX('Tính'!$L$39:$L$83,$CD$12)) | G44: =IF($CD$12="","",INDEX('Tính'!$K$39:$K$83,$CD$12)) | H44: =IF($CD$12="","",INDEX('Tính'!$J$39:$J$83,$CD$12)) | I44: =IF($CD$12="","",INDEX('Tính'!$N$39:$N$83,$CD$12)) | J44: =IF($CD$12="","",INDEX('Tính'!$M$39:$M$83,$CD$12)) | K44: =IF($CD$12="","",INDEX('Tính'!$O$39:$O$83,$CD$12)) | CA44: 42 | CB44: =IF('Tính'!B80="",0,IF(OR($AZ$1=0,'Tính'!D80=$AZ$1),1,0)) | CC44: =IF(CB44=1,'Tính'!L80*1000+'Tính'!M80+1+(45-42)/1000000,-1) | CD44: =IF(LARGE($CC$3:$CC$47,42)<0,"",MATCH(LARGE($CC$3:$CC$47,42),$CC$3:$CC$47,0))
A45: =IF($CD$13="","",11&". "&IF($CD$13="","",INDEX('Tính'!$C$39:$C$83,$CD$13))) | C45: =IF($CD$13="","",INDEX('Tính'!$L$39:$L$83,$CD$13)) | G45: =IF($CD$13="","",INDEX('Tính'!$K$39:$K$83,$CD$13)) | H45: =IF($CD$13="","",INDEX('Tính'!$J$39:$J$83,$CD$13)) | I45: =IF($CD$13="","",INDEX('Tính'!$N$39:$N$83,$CD$13)) | J45: =IF($CD$13="","",INDEX('Tính'!$M$39:$M$83,$CD$13)) | K45: =IF($CD$13="","",INDEX('Tính'!$O$39:$O$83,$CD$13)) | CA45: 43 | CB45: =IF('Tính'!B81="",0,IF(OR($AZ$1=0,'Tính'!D81=$AZ$1),1,0)) | CC45: =IF(CB45=1,'Tính'!L81*1000+'Tính'!M81+1+(45-43)/1000000,-1) | CD45: =IF(LARGE($CC$3:$CC$47,43)<0,"",MATCH(LARGE($CC$3:$CC$47,43),$CC$3:$CC$47,0))
A46: =IF($CD$14="","",12&". "&IF($CD$14="","",INDEX('Tính'!$C$39:$C$83,$CD$14))) | C46: =IF($CD$14="","",INDEX('Tính'!$L$39:$L$83,$CD$14)) | G46: =IF($CD$14="","",INDEX('Tính'!$K$39:$K$83,$CD$14)) | H46: =IF($CD$14="","",INDEX('Tính'!$J$39:$J$83,$CD$14)) | I46: =IF($CD$14="","",INDEX('Tính'!$N$39:$N$83,$CD$14)) | J46: =IF($CD$14="","",INDEX('Tính'!$M$39:$M$83,$CD$14)) | K46: =IF($CD$14="","",INDEX('Tính'!$O$39:$O$83,$CD$14)) | CA46: 44 | CB46: =IF('Tính'!B82="",0,IF(OR($AZ$1=0,'Tính'!D82=$AZ$1),1,0)) | CC46: =IF(CB46=1,'Tính'!L82*1000+'Tính'!M82+1+(45-44)/1000000,-1) | CD46: =IF(LARGE($CC$3:$CC$47,44)<0,"",MATCH(LARGE($CC$3:$CC$47,44),$CC$3:$CC$47,0))
A47: =IF($CD$15="","",13&". "&IF($CD$15="","",INDEX('Tính'!$C$39:$C$83,$CD$15))) | C47: =IF($CD$15="","",INDEX('Tính'!$L$39:$L$83,$CD$15)) | G47: =IF($CD$15="","",INDEX('Tính'!$K$39:$K$83,$CD$15)) | H47: =IF($CD$15="","",INDEX('Tính'!$J$39:$J$83,$CD$15)) | I47: =IF($CD$15="","",INDEX('Tính'!$N$39:$N$83,$CD$15)) | J47: =IF($CD$15="","",INDEX('Tính'!$M$39:$M$83,$CD$15)) | K47: =IF($CD$15="","",INDEX('Tính'!$O$39:$O$83,$CD$15)) | CA47: 45 | CB47: =IF('Tính'!B83="",0,IF(OR($AZ$1=0,'Tính'!D83=$AZ$1),1,0)) | CC47: =IF(CB47=1,'Tính'!L83*1000+'Tính'!M83+1+(45-45)/1000000,-1) | CD47: =IF(LARGE($CC$3:$CC$47,45)<0,"",MATCH(LARGE($CC$3:$CC$47,45),$CC$3:$CC$47,0))
A48: =IF($CD$16="","",14&". "&IF($CD$16="","",INDEX('Tính'!$C$39:$C$83,$CD$16))) | C48: =IF($CD$16="","",INDEX('Tính'!$L$39:$L$83,$CD$16)) | G48: =IF($CD$16="","",INDEX('Tính'!$K$39:$K$83,$CD$16)) | H48: =IF($CD$16="","",INDEX('Tính'!$J$39:$J$83,$CD$16)) | I48: =IF($CD$16="","",INDEX('Tính'!$N$39:$N$83,$CD$16)) | J48: =IF($CD$16="","",INDEX('Tính'!$M$39:$M$83,$CD$16)) | K48: =IF($CD$16="","",INDEX('Tính'!$O$39:$O$83,$CD$16))
A49: =IF($CD$17="","",15&". "&IF($CD$17="","",INDEX('Tính'!$C$39:$C$83,$CD$17))) | C49: =IF($CD$17="","",INDEX('Tính'!$L$39:$L$83,$CD$17)) | G49: =IF($CD$17="","",INDEX('Tính'!$K$39:$K$83,$CD$17)) | H49: =IF($CD$17="","",INDEX('Tính'!$J$39:$J$83,$CD$17)) | I49: =IF($CD$17="","",INDEX('Tính'!$N$39:$N$83,$CD$17)) | J49: =IF($CD$17="","",INDEX('Tính'!$M$39:$M$83,$CD$17)) | K49: =IF($CD$17="","",INDEX('Tính'!$O$39:$O$83,$CD$17))
A50: =IF($CD$18="","",16&". "&IF($CD$18="","",INDEX('Tính'!$C$39:$C$83,$CD$18))) | C50: =IF($CD$18="","",INDEX('Tính'!$L$39:$L$83,$CD$18)) | G50: =IF($CD$18="","",INDEX('Tính'!$K$39:$K$83,$CD$18)) | H50: =IF($CD$18="","",INDEX('Tính'!$J$39:$J$83,$CD$18)) | I50: =IF($CD$18="","",INDEX('Tính'!$N$39:$N$83,$CD$18)) | J50: =IF($CD$18="","",INDEX('Tính'!$M$39:$M$83,$CD$18)) | K50: =IF($CD$18="","",INDEX('Tính'!$O$39:$O$83,$CD$18))
A51: =IF($CD$19="","",17&". "&IF($CD$19="","",INDEX('Tính'!$C$39:$C$83,$CD$19))) | C51: =IF($CD$19="","",INDEX('Tính'!$L$39:$L$83,$CD$19)) | G51: =IF($CD$19="","",INDEX('Tính'!$K$39:$K$83,$CD$19)) | H51: =IF($CD$19="","",INDEX('Tính'!$J$39:$J$83,$CD$19)) | I51: =IF($CD$19="","",INDEX('Tính'!$N$39:$N$83,$CD$19)) | J51: =IF($CD$19="","",INDEX('Tính'!$M$39:$M$83,$CD$19)) | K51: =IF($CD$19="","",INDEX('Tính'!$O$39:$O$83,$CD$19))
A52: =IF($CD$20="","",18&". "&IF($CD$20="","",INDEX('Tính'!$C$39:$C$83,$CD$20))) | C52: =IF($CD$20="","",INDEX('Tính'!$L$39:$L$83,$CD$20)) | G52: =IF($CD$20="","",INDEX('Tính'!$K$39:$K$83,$CD$20)) | H52: =IF($CD$20="","",INDEX('Tính'!$J$39:$J$83,$CD$20)) | I52: =IF($CD$20="","",INDEX('Tính'!$N$39:$N$83,$CD$20)) | J52: =IF($CD$20="","",INDEX('Tính'!$M$39:$M$83,$CD$20)) | K52: =IF($CD$20="","",INDEX('Tính'!$O$39:$O$83,$CD$20))
A53: =IF($CD$21="","",19&". "&IF($CD$21="","",INDEX('Tính'!$C$39:$C$83,$CD$21))) | C53: =IF($CD$21="","",INDEX('Tính'!$L$39:$L$83,$CD$21)) | G53: =IF($CD$21="","",INDEX('Tính'!$K$39:$K$83,$CD$21)) | H53: =IF($CD$21="","",INDEX('Tính'!$J$39:$J$83,$CD$21)) | I53: =IF($CD$21="","",INDEX('Tính'!$N$39:$N$83,$CD$21)) | J53: =IF($CD$21="","",INDEX('Tính'!$M$39:$M$83,$CD$21)) | K53: =IF($CD$21="","",INDEX('Tính'!$O$39:$O$83,$CD$21))
A54: =IF($CD$22="","",20&". "&IF($CD$22="","",INDEX('Tính'!$C$39:$C$83,$CD$22))) | C54: =IF($CD$22="","",INDEX('Tính'!$L$39:$L$83,$CD$22)) | G54: =IF($CD$22="","",INDEX('Tính'!$K$39:$K$83,$CD$22)) | H54: =IF($CD$22="","",INDEX('Tính'!$J$39:$J$83,$CD$22)) | I54: =IF($CD$22="","",INDEX('Tính'!$N$39:$N$83,$CD$22)) | J54: =IF($CD$22="","",INDEX('Tính'!$M$39:$M$83,$CD$22)) | K54: =IF($CD$22="","",INDEX('Tính'!$O$39:$O$83,$CD$22))
A55: =IF($CD$23="","",21&". "&IF($CD$23="","",INDEX('Tính'!$C$39:$C$83,$CD$23))) | C55: =IF($CD$23="","",INDEX('Tính'!$L$39:$L$83,$CD$23)) | G55: =IF($CD$23="","",INDEX('Tính'!$K$39:$K$83,$CD$23)) | H55: =IF($CD$23="","",INDEX('Tính'!$J$39:$J$83,$CD$23)) | I55: =IF($CD$23="","",INDEX('Tính'!$N$39:$N$83,$CD$23)) | J55: =IF($CD$23="","",INDEX('Tính'!$M$39:$M$83,$CD$23)) | K55: =IF($CD$23="","",INDEX('Tính'!$O$39:$O$83,$CD$23))
A56: =IF($CD$24="","",22&". "&IF($CD$24="","",INDEX('Tính'!$C$39:$C$83,$CD$24))) | C56: =IF($CD$24="","",INDEX('Tính'!$L$39:$L$83,$CD$24)) | G56: =IF($CD$24="","",INDEX('Tính'!$K$39:$K$83,$CD$24)) | H56: =IF($CD$24="","",INDEX('Tính'!$J$39:$J$83,$CD$24)) | I56: =IF($CD$24="","",INDEX('Tính'!$N$39:$N$83,$CD$24)) | J56: =IF($CD$24="","",INDEX('Tính'!$M$39:$M$83,$CD$24)) | K56: =IF($CD$24="","",INDEX('Tính'!$O$39:$O$83,$CD$24))
A57: =IF($CD$25="","",23&". "&IF($CD$25="","",INDEX('Tính'!$C$39:$C$83,$CD$25))) | C57: =IF($CD$25="","",INDEX('Tính'!$L$39:$L$83,$CD$25)) | G57: =IF($CD$25="","",INDEX('Tính'!$K$39:$K$83,$CD$25)) | H57: =IF($CD$25="","",INDEX('Tính'!$J$39:$J$83,$CD$25)) | I57: =IF($CD$25="","",INDEX('Tính'!$N$39:$N$83,$CD$25)) | J57: =IF($CD$25="","",INDEX('Tính'!$M$39:$M$83,$CD$25)) | K57: =IF($CD$25="","",INDEX('Tính'!$O$39:$O$83,$CD$25))
A58: =IF($CD$26="","",24&". "&IF($CD$26="","",INDEX('Tính'!$C$39:$C$83,$CD$26))) | C58: =IF($CD$26="","",INDEX('Tính'!$L$39:$L$83,$CD$26)) | G58: =IF($CD$26="","",INDEX('Tính'!$K$39:$K$83,$CD$26)) | H58: =IF($CD$26="","",INDEX('Tính'!$J$39:$J$83,$CD$26)) | I58: =IF($CD$26="","",INDEX('Tính'!$N$39:$N$83,$CD$26)) | J58: =IF($CD$26="","",INDEX('Tính'!$M$39:$M$83,$CD$26)) | K58: =IF($CD$26="","",INDEX('Tính'!$O$39:$O$83,$CD$26))
A59: =IF($CD$27="","",25&". "&IF($CD$27="","",INDEX('Tính'!$C$39:$C$83,$CD$27))) | C59: =IF($CD$27="","",INDEX('Tính'!$L$39:$L$83,$CD$27)) | G59: =IF($CD$27="","",INDEX('Tính'!$K$39:$K$83,$CD$27)) | H59: =IF($CD$27="","",INDEX('Tính'!$J$39:$J$83,$CD$27)) | I59: =IF($CD$27="","",INDEX('Tính'!$N$39:$N$83,$CD$27)) | J59: =IF($CD$27="","",INDEX('Tính'!$M$39:$M$83,$CD$27)) | K59: =IF($CD$27="","",INDEX('Tính'!$O$39:$O$83,$CD$27))
A60: =IF($CD$28="","",26&". "&IF($CD$28="","",INDEX('Tính'!$C$39:$C$83,$CD$28))) | C60: =IF($CD$28="","",INDEX('Tính'!$L$39:$L$83,$CD$28)) | G60: =IF($CD$28="","",INDEX('Tính'!$K$39:$K$83,$CD$28)) | H60: =IF($CD$28="","",INDEX('Tính'!$J$39:$J$83,$CD$28)) | I60: =IF($CD$28="","",INDEX('Tính'!$N$39:$N$83,$CD$28)) | J60: =IF($CD$28="","",INDEX('Tính'!$M$39:$M$83,$CD$28)) | K60: =IF($CD$28="","",INDEX('Tính'!$O$39:$O$83,$CD$28))
A61: =IF($CD$29="","",27&". "&IF($CD$29="","",INDEX('Tính'!$C$39:$C$83,$CD$29))) | C61: =IF($CD$29="","",INDEX('Tính'!$L$39:$L$83,$CD$29)) | G61: =IF($CD$29="","",INDEX('Tính'!$K$39:$K$83,$CD$29)) | H61: =IF($CD$29="","",INDEX('Tính'!$J$39:$J$83,$CD$29)) | I61: =IF($CD$29="","",INDEX('Tính'!$N$39:$N$83,$CD$29)) | J61: =IF($CD$29="","",INDEX('Tính'!$M$39:$M$83,$CD$29)) | K61: =IF($CD$29="","",INDEX('Tính'!$O$39:$O$83,$CD$29))
A62: =IF($CD$30="","",28&". "&IF($CD$30="","",INDEX('Tính'!$C$39:$C$83,$CD$30))) | C62: =IF($CD$30="","",INDEX('Tính'!$L$39:$L$83,$CD$30)) | G62: =IF($CD$30="","",INDEX('Tính'!$K$39:$K$83,$CD$30)) | H62: =IF($CD$30="","",INDEX('Tính'!$J$39:$J$83,$CD$30)) | I62: =IF($CD$30="","",INDEX('Tính'!$N$39:$N$83,$CD$30)) | J62: =IF($CD$30="","",INDEX('Tính'!$M$39:$M$83,$CD$30)) | K62: =IF($CD$30="","",INDEX('Tính'!$O$39:$O$83,$CD$30))
A63: =IF($CD$31="","",29&". "&IF($CD$31="","",INDEX('Tính'!$C$39:$C$83,$CD$31))) | C63: =IF($CD$31="","",INDEX('Tính'!$L$39:$L$83,$CD$31)) | G63: =IF($CD$31="","",INDEX('Tính'!$K$39:$K$83,$CD$31)) | H63: =IF($CD$31="","",INDEX('Tính'!$J$39:$J$83,$CD$31)) | I63: =IF($CD$31="","",INDEX('Tính'!$N$39:$N$83,$CD$31)) | J63: =IF($CD$31="","",INDEX('Tính'!$M$39:$M$83,$CD$31)) | K63: =IF($CD$31="","",INDEX('Tính'!$O$39:$O$83,$CD$31))
A64: =IF($CD$32="","",30&". "&IF($CD$32="","",INDEX('Tính'!$C$39:$C$83,$CD$32))) | C64: =IF($CD$32="","",INDEX('Tính'!$L$39:$L$83,$CD$32)) | G64: =IF($CD$32="","",INDEX('Tính'!$K$39:$K$83,$CD$32)) | H64: =IF($CD$32="","",INDEX('Tính'!$J$39:$J$83,$CD$32)) | I64: =IF($CD$32="","",INDEX('Tính'!$N$39:$N$83,$CD$32)) | J64: =IF($CD$32="","",INDEX('Tính'!$M$39:$M$83,$CD$32)) | K64: =IF($CD$32="","",INDEX('Tính'!$O$39:$O$83,$CD$32))
A65: =IF($CD$33="","",31&". "&IF($CD$33="","",INDEX('Tính'!$C$39:$C$83,$CD$33))) | C65: =IF($CD$33="","",INDEX('Tính'!$L$39:$L$83,$CD$33)) | G65: =IF($CD$33="","",INDEX('Tính'!$K$39:$K$83,$CD$33)) | H65: =IF($CD$33="","",INDEX('Tính'!$J$39:$J$83,$CD$33)) | I65: =IF($CD$33="","",INDEX('Tính'!$N$39:$N$83,$CD$33)) | J65: =IF($CD$33="","",INDEX('Tính'!$M$39:$M$83,$CD$33)) | K65: =IF($CD$33="","",INDEX('Tính'!$O$39:$O$83,$CD$33))
A66: =IF($CD$34="","",32&". "&IF($CD$34="","",INDEX('Tính'!$C$39:$C$83,$CD$34))) | C66: =IF($CD$34="","",INDEX('Tính'!$L$39:$L$83,$CD$34)) | G66: =IF($CD$34="","",INDEX('Tính'!$K$39:$K$83,$CD$34)) | H66: =IF($CD$34="","",INDEX('Tính'!$J$39:$J$83,$CD$34)) | I66: =IF($CD$34="","",INDEX('Tính'!$N$39:$N$83,$CD$34)) | J66: =IF($CD$34="","",INDEX('Tính'!$M$39:$M$83,$CD$34)) | K66: =IF($CD$34="","",INDEX('Tính'!$O$39:$O$83,$CD$34))
A67: =IF($CD$35="","",33&". "&IF($CD$35="","",INDEX('Tính'!$C$39:$C$83,$CD$35))) | C67: =IF($CD$35="","",INDEX('Tính'!$L$39:$L$83,$CD$35)) | G67: =IF($CD$35="","",INDEX('Tính'!$K$39:$K$83,$CD$35)) | H67: =IF($CD$35="","",INDEX('Tính'!$J$39:$J$83,$CD$35)) | I67: =IF($CD$35="","",INDEX('Tính'!$N$39:$N$83,$CD$35)) | J67: =IF($CD$35="","",INDEX('Tính'!$M$39:$M$83,$CD$35)) | K67: =IF($CD$35="","",INDEX('Tính'!$O$39:$O$83,$CD$35))
A68: =IF($CD$36="","",34&". "&IF($CD$36="","",INDEX('Tính'!$C$39:$C$83,$CD$36))) | C68: =IF($CD$36="","",INDEX('Tính'!$L$39:$L$83,$CD$36)) | G68: =IF($CD$36="","",INDEX('Tính'!$K$39:$K$83,$CD$36)) | H68: =IF($CD$36="","",INDEX('Tính'!$J$39:$J$83,$CD$36)) | I68: =IF($CD$36="","",INDEX('Tính'!$N$39:$N$83,$CD$36)) | J68: =IF($CD$36="","",INDEX('Tính'!$M$39:$M$83,$CD$36)) | K68: =IF($CD$36="","",INDEX('Tính'!$O$39:$O$83,$CD$36))
A69: =IF($CD$37="","",35&". "&IF($CD$37="","",INDEX('Tính'!$C$39:$C$83,$CD$37))) | C69: =IF($CD$37="","",INDEX('Tính'!$L$39:$L$83,$CD$37)) | G69: =IF($CD$37="","",INDEX('Tính'!$K$39:$K$83,$CD$37)) | H69: =IF($CD$37="","",INDEX('Tính'!$J$39:$J$83,$CD$37)) | I69: =IF($CD$37="","",INDEX('Tính'!$N$39:$N$83,$CD$37)) | J69: =IF($CD$37="","",INDEX('Tính'!$M$39:$M$83,$CD$37)) | K69: =IF($CD$37="","",INDEX('Tính'!$O$39:$O$83,$CD$37))
A70: =IF($CD$38="","",36&". "&IF($CD$38="","",INDEX('Tính'!$C$39:$C$83,$CD$38))) | C70: =IF($CD$38="","",INDEX('Tính'!$L$39:$L$83,$CD$38)) | G70: =IF($CD$38="","",INDEX('Tính'!$K$39:$K$83,$CD$38)) | H70: =IF($CD$38="","",INDEX('Tính'!$J$39:$J$83,$CD$38)) | I70: =IF($CD$38="","",INDEX('Tính'!$N$39:$N$83,$CD$38)) | J70: =IF($CD$38="","",INDEX('Tính'!$M$39:$M$83,$CD$38)) | K70: =IF($CD$38="","",INDEX('Tính'!$O$39:$O$83,$CD$38))
A71: =IF($CD$39="","",37&". "&IF($CD$39="","",INDEX('Tính'!$C$39:$C$83,$CD$39))) | C71: =IF($CD$39="","",INDEX('Tính'!$L$39:$L$83,$CD$39)) | G71: =IF($CD$39="","",INDEX('Tính'!$K$39:$K$83,$CD$39)) | H71: =IF($CD$39="","",INDEX('Tính'!$J$39:$J$83,$CD$39)) | I71: =IF($CD$39="","",INDEX('Tính'!$N$39:$N$83,$CD$39)) | J71: =IF($CD$39="","",INDEX('Tính'!$M$39:$M$83,$CD$39)) | K71: =IF($CD$39="","",INDEX('Tính'!$O$39:$O$83,$CD$39))
A72: =IF($CD$40="","",38&". "&IF($CD$40="","",INDEX('Tính'!$C$39:$C$83,$CD$40))) | C72: =IF($CD$40="","",INDEX('Tính'!$L$39:$L$83,$CD$40)) | G72: =IF($CD$40="","",INDEX('Tính'!$K$39:$K$83,$CD$40)) | H72: =IF($CD$40="","",INDEX('Tính'!$J$39:$J$83,$CD$40)) | I72: =IF($CD$40="","",INDEX('Tính'!$N$39:$N$83,$CD$40)) | J72: =IF($CD$40="","",INDEX('Tính'!$M$39:$M$83,$CD$40)) | K72: =IF($CD$40="","",INDEX('Tính'!$O$39:$O$83,$CD$40))
A73: =IF($CD$41="","",39&". "&IF($CD$41="","",INDEX('Tính'!$C$39:$C$83,$CD$41))) | C73: =IF($CD$41="","",INDEX('Tính'!$L$39:$L$83,$CD$41)) | G73: =IF($CD$41="","",INDEX('Tính'!$K$39:$K$83,$CD$41)) | H73: =IF($CD$41="","",INDEX('Tính'!$J$39:$J$83,$CD$41)) | I73: =IF($CD$41="","",INDEX('Tính'!$N$39:$N$83,$CD$41)) | J73: =IF($CD$41="","",INDEX('Tính'!$M$39:$M$83,$CD$41)) | K73: =IF($CD$41="","",INDEX('Tính'!$O$39:$O$83,$CD$41))
A74: =IF($CD$42="","",40&". "&IF($CD$42="","",INDEX('Tính'!$C$39:$C$83,$CD$42))) | C74: =IF($CD$42="","",INDEX('Tính'!$L$39:$L$83,$CD$42)) | G74: =IF($CD$42="","",INDEX('Tính'!$K$39:$K$83,$CD$42)) | H74: =IF($CD$42="","",INDEX('Tính'!$J$39:$J$83,$CD$42)) | I74: =IF($CD$42="","",INDEX('Tính'!$N$39:$N$83,$CD$42)) | J74: =IF($CD$42="","",INDEX('Tính'!$M$39:$M$83,$CD$42)) | K74: =IF($CD$42="","",INDEX('Tính'!$O$39:$O$83,$CD$42))
A75: =IF($CD$43="","",41&". "&IF($CD$43="","",INDEX('Tính'!$C$39:$C$83,$CD$43))) | C75: =IF($CD$43="","",INDEX('Tính'!$L$39:$L$83,$CD$43)) | G75: =IF($CD$43="","",INDEX('Tính'!$K$39:$K$83,$CD$43)) | H75: =IF($CD$43="","",INDEX('Tính'!$J$39:$J$83,$CD$43)) | I75: =IF($CD$43="","",INDEX('Tính'!$N$39:$N$83,$CD$43)) | J75: =IF($CD$43="","",INDEX('Tính'!$M$39:$M$83,$CD$43)) | K75: =IF($CD$43="","",INDEX('Tính'!$O$39:$O$83,$CD$43))
A76: =IF($CD$44="","",42&". "&IF($CD$44="","",INDEX('Tính'!$C$39:$C$83,$CD$44))) | C76: =IF($CD$44="","",INDEX('Tính'!$L$39:$L$83,$CD$44)) | G76: =IF($CD$44="","",INDEX('Tính'!$K$39:$K$83,$CD$44)) | H76: =IF($CD$44="","",INDEX('Tính'!$J$39:$J$83,$CD$44)) | I76: =IF($CD$44="","",INDEX('Tính'!$N$39:$N$83,$CD$44)) | J76: =IF($CD$44="","",INDEX('Tính'!$M$39:$M$83,$CD$44)) | K76: =IF($CD$44="","",INDEX('Tính'!$O$39:$O$83,$CD$44))
A77: =IF($CD$45="","",43&". "&IF($CD$45="","",INDEX('Tính'!$C$39:$C$83,$CD$45))) | C77: =IF($CD$45="","",INDEX('Tính'!$L$39:$L$83,$CD$45)) | G77: =IF($CD$45="","",INDEX('Tính'!$K$39:$K$83,$CD$45)) | H77: =IF($CD$45="","",INDEX('Tính'!$J$39:$J$83,$CD$45)) | I77: =IF($CD$45="","",INDEX('Tính'!$N$39:$N$83,$CD$45)) | J77: =IF($CD$45="","",INDEX('Tính'!$M$39:$M$83,$CD$45)) | K77: =IF($CD$45="","",INDEX('Tính'!$O$39:$O$83,$CD$45))
A78: =IF($CD$46="","",44&". "&IF($CD$46="","",INDEX('Tính'!$C$39:$C$83,$CD$46))) | C78: =IF($CD$46="","",INDEX('Tính'!$L$39:$L$83,$CD$46)) | G78: =IF($CD$46="","",INDEX('Tính'!$K$39:$K$83,$CD$46)) | H78: =IF($CD$46="","",INDEX('Tính'!$J$39:$J$83,$CD$46)) | I78: =IF($CD$46="","",INDEX('Tính'!$N$39:$N$83,$CD$46)) | J78: =IF($CD$46="","",INDEX('Tính'!$M$39:$M$83,$CD$46)) | K78: =IF($CD$46="","",INDEX('Tính'!$O$39:$O$83,$CD$46))
A79: =IF($CD$47="","",45&". "&IF($CD$47="","",INDEX('Tính'!$C$39:$C$83,$CD$47))) | C79: =IF($CD$47="","",INDEX('Tính'!$L$39:$L$83,$CD$47)) | G79: =IF($CD$47="","",INDEX('Tính'!$K$39:$K$83,$CD$47)) | H79: =IF($CD$47="","",INDEX('Tính'!$J$39:$J$83,$CD$47)) | I79: =IF($CD$47="","",INDEX('Tính'!$N$39:$N$83,$CD$47)) | J79: =IF($CD$47="","",INDEX('Tính'!$M$39:$M$83,$CD$47)) | K79: =IF($CD$47="","",INDEX('Tính'!$O$39:$O$83,$CD$47))
A80: Tiền: triệu · DK = lũy kế ÷ ngày đã qua × số ngày ÷ target · ☀️ DK mai = (lũy kế + realtime hôm nay) ÷ (ngày đã qua + 1) × số ngày ÷ target

Sheet Lũy kế
A1: ="BÁO CÁO LŨY KẾ — "&'Khai báo'!B3&" · số đến hết "&TEXT(NgayQua,"00")&"/"&'Khai báo'!B4 | AZ1: =IFERROR(MATCH($B$2,'Tính'!$B$31:$B$34,0),0)
A2: Xem: | B2: Tổng cụm | F2: ◀ bấm ô vàng để chọn Tổng cụm hoặc từng siêu thị | BA2: Nhóm (view) | BJ2: Thứ tự
BA3: ='Tính'!B3 | BB3: ='Tính'!D3 | BC3: =IF($AZ$1=0,'Tính'!$Z$3,CHOOSE($AZ$1,'Tính'!$G$3,'Tính'!$L$3,'Tính'!$Q$3,'Tính'!$V$3)) | BD3: =IF($AZ$1=0,'Tính'!$Y$3,CHOOSE($AZ$1,'Tính'!$E$3,'Tính'!$J$3,'Tính'!$O$3,'Tính'!$T$3)) | BE3: =IF($AZ$1=0,'Tính'!$AB$3,CHOOSE($AZ$1,'Tính'!$I$3,'Tính'!$N$3,'Tính'!$S$3,'Tính'!$X$3)) | BF3: =IF($AZ$1=0,'Tính'!$AA$3,CHOOSE($AZ$1,'Tính'!$H$3,'Tính'!$M$3,'Tính'!$R$3,'Tính'!$W$3)) | BG3: =IF(BC3>0,BD3/NgayQua*SoNgay/BC3,IF(BD3>0,1,0)) | BH3: =IF(CoRTNhom=1,IF(BC3>0,(BD3+BF3)/(NgayQua+1)*SoNgay/BC3,IF(BD3+BF3>0,1,0)),BG3) | BI3: =IF(BA3="",-1,IF(BB3="Chính",1000,0)+BG3+(20-1)/100000) | BJ3: =IF(LARGE($BI$3:$BI$22,1)<0,"",MATCH(LARGE($BI$3:$BI$22,1),$BI$3:$BI$22,0)) | CA3: 1 | CB3: =IF('Tính'!B39="",0,IF(OR($AZ$1=0,'Tính'!D39=$AZ$1),1,0)) | CC3: =IF(CB3=1,'Tính'!M39+1+(45-1)/1000000,-1) | CD3: =IF(LARGE($CC$3:$CC$47,1)<0,"",MATCH(LARGE($CC$3:$CC$47,1),$CC$3:$CC$47,0))
A4: Nhóm hàng | B4: =$B$2 | H4: Hạng | I4: Nhân viên | J4: Mục tiêu | K4: DT QĐ | L4: % HT | M4: Dự kiến | N4: NH đạt | BA4: ='Tính'!B4 | BB4: ='Tính'!D4 | BC4: =IF($AZ$1=0,'Tính'!$Z$4,CHOOSE($AZ$1,'Tính'!$G$4,'Tính'!$L$4,'Tính'!$Q$4,'Tính'!$V$4)) | BD4: =IF($AZ$1=0,'Tính'!$Y$4,CHOOSE($AZ$1,'Tính'!$E$4,'Tính'!$J$4,'Tính'!$O$4,'Tính'!$T$4)) | BE4: =IF($AZ$1=0,'Tính'!$AB$4,CHOOSE($AZ$1,'Tính'!$I$4,'Tính'!$N$4,'Tính'!$S$4,'Tính'!$X$4)) | BF4: =IF($AZ$1=0,'Tính'!$AA$4,CHOOSE($AZ$1,'Tính'!$H$4,'Tính'!$M$4,'Tính'!$R$4,'Tính'!$W$4)) | BG4: =IF(BC4>0,BD4/NgayQua*SoNgay/BC4,IF(BD4>0,1,0)) | BH4: =IF(CoRTNhom=1,IF(BC4>0,(BD4+BF4)/(NgayQua+1)*SoNgay/BC4,IF(BD4+BF4>0,1,0)),BG4) | BI4: =IF(BA4="",-1,IF(BB4="Chính",1000,0)+BG4+(20-2)/100000) | BJ4: =IF(LARGE($BI$3:$BI$22,2)<0,"",MATCH(LARGE($BI$3:$BI$22,2),$BI$3:$BI$22,0)) | CA4: 2 | CB4: =IF('Tính'!B40="",0,IF(OR($AZ$1=0,'Tính'!D40=$AZ$1),1,0)) | CC4: =IF(CB4=1,'Tính'!M40+1+(45-2)/1000000,-1) | CD4: =IF(LARGE($CC$3:$CC$47,2)<0,"",MATCH(LARGE($CC$3:$CC$47,2),$CC$3:$CC$47,0))
B5: Loại | C5: Target | D5: Thực hiện | E5: Tỉ lệ | F5: Dự kiến | H5: =IF($CD$3="","",1) | I5: =IF($CD$3="","",IF($CD$3="","",INDEX('Tính'!$F$39:$F$83,$CD$3))&" · "&IF($CD$3="","",INDEX('Tính'!$O$39:$O$83,$CD$3))) | J5: =IF($CD$3="","",INDEX('Tính'!$J$39:$J$83,$CD$3)) | K5: =IF($CD$3="","",INDEX('Tính'!$K$39:$K$83,$CD$3)) | L5: =IF($CD$3="","",INDEX('Tính'!$N$39:$N$83,$CD$3)) | M5: =IF($CD$3="","",INDEX('Tính'!$M$39:$M$83,$CD$3)) | N5: =IF($CD$3="","",IF($CD$3="","",INDEX('Tính'!$P$39:$P$83,$CD$3))&"/"&COUNTIF($BA$3:$BA$22,"?*")) | BA5: ='Tính'!B5 | BB5: ='Tính'!D5 | BC5: =IF($AZ$1=0,'Tính'!$Z$5,CHOOSE($AZ$1,'Tính'!$G$5,'Tính'!$L$5,'Tính'!$Q$5,'Tính'!$V$5)) | BD5: =IF($AZ$1=0,'Tính'!$Y$5,CHOOSE($AZ$1,'Tính'!$E$5,'Tính'!$J$5,'Tính'!$O$5,'Tính'!$T$5)) | BE5: =IF($AZ$1=0,'Tính'!$AB$5,CHOOSE($AZ$1,'Tính'!$I$5,'Tính'!$N$5,'Tính'!$S$5,'Tính'!$X$5)) | BF5: =IF($AZ$1=0,'Tính'!$AA$5,CHOOSE($AZ$1,'Tính'!$H$5,'Tính'!$M$5,'Tính'!$R$5,'Tính'!$W$5)) | BG5: =IF(BC5>0,BD5/NgayQua*SoNgay/BC5,IF(BD5>0,1,0)) | BH5: =IF(CoRTNhom=1,IF(BC5>0,(BD5+BF5)/(NgayQua+1)*SoNgay/BC5,IF(BD5+BF5>0,1,0)),BG5) | BI5: =IF(BA5="",-1,IF(BB5="Chính",1000,0)+BG5+(20-3)/100000) | BJ5: =IF(LARGE($BI$3:$BI$22,3)<0,"",MATCH(LARGE($BI$3:$BI$22,3),$BI$3:$BI$22,0)) | CA5: 3 | CB5: =IF('Tính'!B41="",0,IF(OR($AZ$1=0,'Tính'!D41=$AZ$1),1,0)) | CC5: =IF(CB5=1,'Tính'!M41+1+(45-3)/1000000,-1) | CD5: =IF(LARGE($CC$3:$CC$47,3)<0,"",MATCH(LARGE($CC$3:$CC$47,3),$CC$3:$CC$47,0))
A6: Doanh thu | C6: =INDEX('Tính'!$D$31:$D$35,IF($AZ$1=0,5,$AZ$1)) | D6: =INDEX('Tính'!$F$31:$F$35,IF($AZ$1=0,5,$AZ$1)) | E6: =IF(C6>0,D6/C6,0) | F6: =IF(C6>0,D6/NgayQua*SoNgay/C6,0) | H6: =IF($CD$4="","",2) | I6: =IF($CD$4="","",IF($CD$4="","",INDEX('Tính'!$F$39:$F$83,$CD$4))&" · "&IF($CD$4="","",INDEX('Tính'!$O$39:$O$83,$CD$4))) | J6: =IF($CD$4="","",INDEX('Tính'!$J$39:$J$83,$CD$4)) | K6: =IF($CD$4="","",INDEX('Tính'!$K$39:$K$83,$CD$4)) | L6: =IF($CD$4="","",INDEX('Tính'!$N$39:$N$83,$CD$4)) | M6: =IF($CD$4="","",INDEX('Tính'!$M$39:$M$83,$CD$4)) | N6: =IF($CD$4="","",IF($CD$4="","",INDEX('Tính'!$P$39:$P$83,$CD$4))&"/"&COUNTIF($BA$3:$BA$22,"?*")) | BA6: ='Tính'!B6 | BB6: ='Tính'!D6 | BC6: =IF($AZ$1=0,'Tính'!$Z$6,CHOOSE($AZ$1,'Tính'!$G$6,'Tính'!$L$6,'Tính'!$Q$6,'Tính'!$V$6)) | BD6: =IF($AZ$1=0,'Tính'!$Y$6,CHOOSE($AZ$1,'Tính'!$E$6,'Tính'!$J$6,'Tính'!$O$6,'Tính'!$T$6)) | BE6: =IF($AZ$1=0,'Tính'!$AB$6,CHOOSE($AZ$1,'Tính'!$I$6,'Tính'!$N$6,'Tính'!$S$6,'Tính'!$X$6)) | BF6: =IF($AZ$1=0,'Tính'!$AA$6,CHOOSE($AZ$1,'Tính'!$H$6,'Tính'!$M$6,'Tính'!$R$6,'Tính'!$W$6)) | BG6: =IF(BC6>0,BD6/NgayQua*SoNgay/BC6,IF(BD6>0,1,0)) | BH6: =IF(CoRTNhom=1,IF(BC6>0,(BD6+BF6)/(NgayQua+1)*SoNgay/BC6,IF(BD6+BF6>0,1,0)),BG6) | BI6: =IF(BA6="",-1,IF(BB6="Chính",1000,0)+BG6+(20-4)/100000) | BJ6: =IF(LARGE($BI$3:$BI$22,4)<0,"",MATCH(LARGE($BI$3:$BI$22,4),$BI$3:$BI$22,0)) | CA6: 4 | CB6: =IF('Tính'!B42="",0,IF(OR($AZ$1=0,'Tính'!D42=$AZ$1),1,0)) | CC6: =IF(CB6=1,'Tính'!M42+1+(45-4)/1000000,-1) | CD6: =IF(LARGE($CC$3:$CC$47,4)<0,"",MATCH(LARGE($CC$3:$CC$47,4),$CC$3:$CC$47,0))
A7: Trả chậm | C7: =MucTieuTC | D7: =INDEX('Tính'!$H$31:$H$35,IF($AZ$1=0,5,$AZ$1)) | E7: =IF(D7>=C7,"Đạt","Chưa đạt") | H7: =IF($CD$5="","",3) | I7: =IF($CD$5="","",IF($CD$5="","",INDEX('Tính'!$F$39:$F$83,$CD$5))&" · "&IF($CD$5="","",INDEX('Tính'!$O$39:$O$83,$CD$5))) | J7: =IF($CD$5="","",INDEX('Tính'!$J$39:$J$83,$CD$5)) | K7: =IF($CD$5="","",INDEX('Tính'!$K$39:$K$83,$CD$5)) | L7: =IF($CD$5="","",INDEX('Tính'!$N$39:$N$83,$CD$5)) | M7: =IF($CD$5="","",INDEX('Tính'!$M$39:$M$83,$CD$5)) | N7: =IF($CD$5="","",IF($CD$5="","",INDEX('Tính'!$P$39:$P$83,$CD$5))&"/"&COUNTIF($BA$3:$BA$22,"?*")) | BA7: ='Tính'!B7 | BB7: ='Tính'!D7 | BC7: =IF($AZ$1=0,'Tính'!$Z$7,CHOOSE($AZ$1,'Tính'!$G$7,'Tính'!$L$7,'Tính'!$Q$7,'Tính'!$V$7)) | BD7: =IF($AZ$1=0,'Tính'!$Y$7,CHOOSE($AZ$1,'Tính'!$E$7,'Tính'!$J$7,'Tính'!$O$7,'Tính'!$T$7)) | BE7: =IF($AZ$1=0,'Tính'!$AB$7,CHOOSE($AZ$1,'Tính'!$I$7,'Tính'!$N$7,'Tính'!$S$7,'Tính'!$X$7)) | BF7: =IF($AZ$1=0,'Tính'!$AA$7,CHOOSE($AZ$1,'Tính'!$H$7,'Tính'!$M$7,'Tính'!$R$7,'Tính'!$W$7)) | BG7: =IF(BC7>0,BD7/NgayQua*SoNgay/BC7,IF(BD7>0,1,0)) | BH7: =IF(CoRTNhom=1,IF(BC7>0,(BD7+BF7)/(NgayQua+1)*SoNgay/BC7,IF(BD7+BF7>0,1,0)),BG7) | BI7: =IF(BA7="",-1,IF(BB7="Chính",1000,0)+BG7+(20-5)/100000) | BJ7: =IF(LARGE($BI$3:$BI$22,5)<0,"",MATCH(LARGE($BI$3:$BI$22,5),$BI$3:$BI$22,0)) | CA7: 5 | CB7: =IF('Tính'!B43="",0,IF(OR($AZ$1=0,'Tính'!D43=$AZ$1),1,0)) | CC7: =IF(CB7=1,'Tính'!M43+1+(45-5)/1000000,-1) | CD7: =IF(LARGE($CC$3:$CC$47,5)<0,"",MATCH(LARGE($CC$3:$CC$47,5),$CC$3:$CC$47,0))
A8: ="SL nhóm: "&COUNTIF($BA$3:$BA$22,"?*") | C8: ="Chính đạt: "&COUNTIFS(B10:B29,"Chính",F10:F29,">=0.995")&"/"&COUNTIF(B10:B29,"Chính") | E8: ="Vượt trội: "&COUNTIFS(B10:B29,"Vượt trội",F10:F29,">=0.995")&"/"&COUNTIF(B10:B29,"Vượt trội") | H8: =IF($CD$6="","",4) | I8: =IF($CD$6="","",IF($CD$6="","",INDEX('Tính'!$F$39:$F$83,$CD$6))&" · "&IF($CD$6="","",INDEX('Tính'!$O$39:$O$83,$CD$6))) | J8: =IF($CD$6="","",INDEX('Tính'!$J$39:$J$83,$CD$6)) | K8: =IF($CD$6="","",INDEX('Tính'!$K$39:$K$83,$CD$6)) | L8: =IF($CD$6="","",INDEX('Tính'!$N$39:$N$83,$CD$6)) | M8: =IF($CD$6="","",INDEX('Tính'!$M$39:$M$83,$CD$6)) | N8: =IF($CD$6="","",IF($CD$6="","",INDEX('Tính'!$P$39:$P$83,$CD$6))&"/"&COUNTIF($BA$3:$BA$22,"?*")) | BA8: ='Tính'!B8 | BB8: ='Tính'!D8 | BC8: =IF($AZ$1=0,'Tính'!$Z$8,CHOOSE($AZ$1,'Tính'!$G$8,'Tính'!$L$8,'Tính'!$Q$8,'Tính'!$V$8)) | BD8: =IF($AZ$1=0,'Tính'!$Y$8,CHOOSE($AZ$1,'Tính'!$E$8,'Tính'!$J$8,'Tính'!$O$8,'Tính'!$T$8)) | BE8: =IF($AZ$1=0,'Tính'!$AB$8,CHOOSE($AZ$1,'Tính'!$I$8,'Tính'!$N$8,'Tính'!$S$8,'Tính'!$X$8)) | BF8: =IF($AZ$1=0,'Tính'!$AA$8,CHOOSE($AZ$1,'Tính'!$H$8,'Tính'!$M$8,'Tính'!$R$8,'Tính'!$W$8)) | BG8: =IF(BC8>0,BD8/NgayQua*SoNgay/BC8,IF(BD8>0,1,0)) | BH8: =IF(CoRTNhom=1,IF(BC8>0,(BD8+BF8)/(NgayQua+1)*SoNgay/BC8,IF(BD8+BF8>0,1,0)),BG8) | BI8: =IF(BA8="",-1,IF(BB8="Chính",1000,0)+BG8+(20-6)/100000) | BJ8: =IF(LARGE($BI$3:$BI$22,6)<0,"",MATCH(LARGE($BI$3:$BI$22,6),$BI$3:$BI$22,0)) | CA8: 6 | CB8: =IF('Tính'!B44="",0,IF(OR($AZ$1=0,'Tính'!D44=$AZ$1),1,0)) | CC8: =IF(CB8=1,'Tính'!M44+1+(45-6)/1000000,-1) | CD8: =IF(LARGE($CC$3:$CC$47,6)<0,"",MATCH(LARGE($CC$3:$CC$47,6),$CC$3:$CC$47,0))
A9: Nhóm hàng | B9: Loại | C9: Target | D9: Thực hiện | E9: % Hiện tại | F9: Dự kiến ▼ | H9: =IF($CD$7="","",5) | I9: =IF($CD$7="","",IF($CD$7="","",INDEX('Tính'!$F$39:$F$83,$CD$7))&" · "&IF($CD$7="","",INDEX('Tính'!$O$39:$O$83,$CD$7))) | J9: =IF($CD$7="","",INDEX('Tính'!$J$39:$J$83,$CD$7)) | K9: =IF($CD$7="","",INDEX('Tính'!$K$39:$K$83,$CD$7)) | L9: =IF($CD$7="","",INDEX('Tính'!$N$39:$N$83,$CD$7)) | M9: =IF($CD$7="","",INDEX('Tính'!$M$39:$M$83,$CD$7)) | N9: =IF($CD$7="","",IF($CD$7="","",INDEX('Tính'!$P$39:$P$83,$CD$7))&"/"&COUNTIF($BA$3:$BA$22,"?*")) | BA9: ='Tính'!B9 | BB9: ='Tính'!D9 | BC9: =IF($AZ$1=0,'Tính'!$Z$9,CHOOSE($AZ$1,'Tính'!$G$9,'Tính'!$L$9,'Tính'!$Q$9,'Tính'!$V$9)) | BD9: =IF($AZ$1=0,'Tính'!$Y$9,CHOOSE($AZ$1,'Tính'!$E$9,'Tính'!$J$9,'Tính'!$O$9,'Tính'!$T$9)) | BE9: =IF($AZ$1=0,'Tính'!$AB$9,CHOOSE($AZ$1,'Tính'!$I$9,'Tính'!$N$9,'Tính'!$S$9,'Tính'!$X$9)) | BF9: =IF($AZ$1=0,'Tính'!$AA$9,CHOOSE($AZ$1,'Tính'!$H$9,'Tính'!$M$9,'Tính'!$R$9,'Tính'!$W$9)) | BG9: =IF(BC9>0,BD9/NgayQua*SoNgay/BC9,IF(BD9>0,1,0)) | BH9: =IF(CoRTNhom=1,IF(BC9>0,(BD9+BF9)/(NgayQua+1)*SoNgay/BC9,IF(BD9+BF9>0,1,0)),BG9) | BI9: =IF(BA9="",-1,IF(BB9="Chính",1000,0)+BG9+(20-7)/100000) | BJ9: =IF(LARGE($BI$3:$BI$22,7)<0,"",MATCH(LARGE($BI$3:$BI$22,7),$BI$3:$BI$22,0)) | CA9: 7 | CB9: =IF('Tính'!B45="",0,IF(OR($AZ$1=0,'Tính'!D45=$AZ$1),1,0)) | CC9: =IF(CB9=1,'Tính'!M45+1+(45-7)/1000000,-1) | CD9: =IF(LARGE($CC$3:$CC$47,7)<0,"",MATCH(LARGE($CC$3:$CC$47,7),$CC$3:$CC$47,0))
A10: =IF($BJ$3="","",INDEX($BA$3:$BA$22,$BJ$3)) | B10: =IF($BJ$3="","",INDEX($BB$3:$BB$22,$BJ$3)) | C10: =IF($BJ$3="","",INDEX($BC$3:$BC$22,$BJ$3)) | D10: =IF($BJ$3="","",INDEX($BD$3:$BD$22,$BJ$3)) | E10: =IF(A10="","",IF(C10>0,D10/C10,1)) | F10: =IF($BJ$3="","",INDEX($BG$3:$BG$22,$BJ$3)) | H10: =IF($CD$8="","",6) | I10: =IF($CD$8="","",IF($CD$8="","",INDEX('Tính'!$F$39:$F$83,$CD$8))&" · "&IF($CD$8="","",INDEX('Tính'!$O$39:$O$83,$CD$8))) | J10: =IF($CD$8="","",INDEX('Tính'!$J$39:$J$83,$CD$8)) | K10: =IF($CD$8="","",INDEX('Tính'!$K$39:$K$83,$CD$8)) | L10: =IF($CD$8="","",INDEX('Tính'!$N$39:$N$83,$CD$8)) | M10: =IF($CD$8="","",INDEX('Tính'!$M$39:$M$83,$CD$8)) | N10: =IF($CD$8="","",IF($CD$8="","",INDEX('Tính'!$P$39:$P$83,$CD$8))&"/"&COUNTIF($BA$3:$BA$22,"?*")) | BA10: ='Tính'!B10 | BB10: ='Tính'!D10 | BC10: =IF($AZ$1=0,'Tính'!$Z$10,CHOOSE($AZ$1,'Tính'!$G$10,'Tính'!$L$10,'Tính'!$Q$10,'Tính'!$V$10)) | BD10: =IF($AZ$1=0,'Tính'!$Y$10,CHOOSE($AZ$1,'Tính'!$E$10,'Tính'!$J$10,'Tính'!$O$10,'Tính'!$T$10)) | BE10: =IF($AZ$1=0,'Tính'!$AB$10,CHOOSE($AZ$1,'Tính'!$I$10,'Tính'!$N$10,'Tính'!$S$10,'Tính'!$X$10)) | BF10: =IF($AZ$1=0,'Tính'!$AA$10,CHOOSE($AZ$1,'Tính'!$H$10,'Tính'!$M$10,'Tính'!$R$10,'Tính'!$W$10)) | BG10: =IF(BC10>0,BD10/NgayQua*SoNgay/BC10,IF(BD10>0,1,0)) | BH10: =IF(CoRTNhom=1,IF(BC10>0,(BD10+BF10)/(NgayQua+1)*SoNgay/BC10,IF(BD10+BF10>0,1,0)),BG10) | BI10: =IF(BA10="",-1,IF(BB10="Chính",1000,0)+BG10+(20-8)/100000) | BJ10: =IF(LARGE($BI$3:$BI$22,8)<0,"",MATCH(LARGE($BI$3:$BI$22,8),$BI$3:$BI$22,0)) | CA10: 8 | CB10: =IF('Tính'!B46="",0,IF(OR($AZ$1=0,'Tính'!D46=$AZ$1),1,0)) | CC10: =IF(CB10=1,'Tính'!M46+1+(45-8)/1000000,-1) | CD10: =IF(LARGE($CC$3:$CC$47,8)<0,"",MATCH(LARGE($CC$3:$CC$47,8),$CC$3:$CC$47,0))
A11: =IF($BJ$4="","",INDEX($BA$3:$BA$22,$BJ$4)) | B11: =IF($BJ$4="","",INDEX($BB$3:$BB$22,$BJ$4)) | C11: =IF($BJ$4="","",INDEX($BC$3:$BC$22,$BJ$4)) | D11: =IF($BJ$4="","",INDEX($BD$3:$BD$22,$BJ$4)) | E11: =IF(A11="","",IF(C11>0,D11/C11,1)) | F11: =IF($BJ$4="","",INDEX($BG$3:$BG$22,$BJ$4)) | H11: =IF($CD$9="","",7) | I11: =IF($CD$9="","",IF($CD$9="","",INDEX('Tính'!$F$39:$F$83,$CD$9))&" · "&IF($CD$9="","",INDEX('Tính'!$O$39:$O$83,$CD$9))) | J11: =IF($CD$9="","",INDEX('Tính'!$J$39:$J$83,$CD$9)) | K11: =IF($CD$9="","",INDEX('Tính'!$K$39:$K$83,$CD$9)) | L11: =IF($CD$9="","",INDEX('Tính'!$N$39:$N$83,$CD$9)) | M11: =IF($CD$9="","",INDEX('Tính'!$M$39:$M$83,$CD$9)) | N11: =IF($CD$9="","",IF($CD$9="","",INDEX('Tính'!$P$39:$P$83,$CD$9))&"/"&COUNTIF($BA$3:$BA$22,"?*")) | BA11: ='Tính'!B11 | BB11: ='Tính'!D11 | BC11: =IF($AZ$1=0,'Tính'!$Z$11,CHOOSE($AZ$1,'Tính'!$G$11,'Tính'!$L$11,'Tính'!$Q$11,'Tính'!$V$11)) | BD11: =IF($AZ$1=0,'Tính'!$Y$11,CHOOSE($AZ$1,'Tính'!$E$11,'Tính'!$J$11,'Tính'!$O$11,'Tính'!$T$11)) | BE11: =IF($AZ$1=0,'Tính'!$AB$11,CHOOSE($AZ$1,'Tính'!$I$11,'Tính'!$N$11,'Tính'!$S$11,'Tính'!$X$11)) | BF11: =IF($AZ$1=0,'Tính'!$AA$11,CHOOSE($AZ$1,'Tính'!$H$11,'Tính'!$M$11,'Tính'!$R$11,'Tính'!$W$11)) | BG11: =IF(BC11>0,BD11/NgayQua*SoNgay/BC11,IF(BD11>0,1,0)) | BH11: =IF(CoRTNhom=1,IF(BC11>0,(BD11+BF11)/(NgayQua+1)*SoNgay/BC11,IF(BD11+BF11>0,1,0)),BG11) | BI11: =IF(BA11="",-1,IF(BB11="Chính",1000,0)+BG11+(20-9)/100000) | BJ11: =IF(LARGE($BI$3:$BI$22,9)<0,"",MATCH(LARGE($BI$3:$BI$22,9),$BI$3:$BI$22,0)) | CA11: 9 | CB11: =IF('Tính'!B47="",0,IF(OR($AZ$1=0,'Tính'!D47=$AZ$1),1,0)) | CC11: =IF(CB11=1,'Tính'!M47+1+(45-9)/1000000,-1) | CD11: =IF(LARGE($CC$3:$CC$47,9)<0,"",MATCH(LARGE($CC$3:$CC$47,9),$CC$3:$CC$47,0))
A12: =IF($BJ$5="","",INDEX($BA$3:$BA$22,$BJ$5)) | B12: =IF($BJ$5="","",INDEX($BB$3:$BB$22,$BJ$5)) | C12: =IF($BJ$5="","",INDEX($BC$3:$BC$22,$BJ$5)) | D12: =IF($BJ$5="","",INDEX($BD$3:$BD$22,$BJ$5)) | E12: =IF(A12="","",IF(C12>0,D12/C12,1)) | F12: =IF($BJ$5="","",INDEX($BG$3:$BG$22,$BJ$5)) | H12: =IF($CD$10="","",8) | I12: =IF($CD$10="","",IF($CD$10="","",INDEX('Tính'!$F$39:$F$83,$CD$10))&" · "&IF($CD$10="","",INDEX('Tính'!$O$39:$O$83,$CD$10))) | J12: =IF($CD$10="","",INDEX('Tính'!$J$39:$J$83,$CD$10)) | K12: =IF($CD$10="","",INDEX('Tính'!$K$39:$K$83,$CD$10)) | L12: =IF($CD$10="","",INDEX('Tính'!$N$39:$N$83,$CD$10)) | M12: =IF($CD$10="","",INDEX('Tính'!$M$39:$M$83,$CD$10)) | N12: =IF($CD$10="","",IF($CD$10="","",INDEX('Tính'!$P$39:$P$83,$CD$10))&"/"&COUNTIF($BA$3:$BA$22,"?*")) | BA12: ='Tính'!B12 | BB12: ='Tính'!D12 | BC12: =IF($AZ$1=0,'Tính'!$Z$12,CHOOSE($AZ$1,'Tính'!$G$12,'Tính'!$L$12,'Tính'!$Q$12,'Tính'!$V$12)) | BD12: =IF($AZ$1=0,'Tính'!$Y$12,CHOOSE($AZ$1,'Tính'!$E$12,'Tính'!$J$12,'Tính'!$O$12,'Tính'!$T$12)) | BE12: =IF($AZ$1=0,'Tính'!$AB$12,CHOOSE($AZ$1,'Tính'!$I$12,'Tính'!$N$12,'Tính'!$S$12,'Tính'!$X$12)) | BF12: =IF($AZ$1=0,'Tính'!$AA$12,CHOOSE($AZ$1,'Tính'!$H$12,'Tính'!$M$12,'Tính'!$R$12,'Tính'!$W$12)) | BG12: =IF(BC12>0,BD12/NgayQua*SoNgay/BC12,IF(BD12>0,1,0)) | BH12: =IF(CoRTNhom=1,IF(BC12>0,(BD12+BF12)/(NgayQua+1)*SoNgay/BC12,IF(BD12+BF12>0,1,0)),BG12) | BI12: =IF(BA12="",-1,IF(BB12="Chính",1000,0)+BG12+(20-10)/100000) | BJ12: =IF(LARGE($BI$3:$BI$22,10)<0,"",MATCH(LARGE($BI$3:$BI$22,10),$BI$3:$BI$22,0)) | CA12: 10 | CB12: =IF('Tính'!B48="",0,IF(OR($AZ$1=0,'Tính'!D48=$AZ$1),1,0)) | CC12: =IF(CB12=1,'Tính'!M48+1+(45-10)/1000000,-1) | CD12: =IF(LARGE($CC$3:$CC$47,10)<0,"",MATCH(LARGE($CC$3:$CC$47,10),$CC$3:$CC$47,0))
A13: =IF($BJ$6="","",INDEX($BA$3:$BA$22,$BJ$6)) | B13: =IF($BJ$6="","",INDEX($BB$3:$BB$22,$BJ$6)) | C13: =IF($BJ$6="","",INDEX($BC$3:$BC$22,$BJ$6)) | D13: =IF($BJ$6="","",INDEX($BD$3:$BD$22,$BJ$6)) | E13: =IF(A13="","",IF(C13>0,D13/C13,1)) | F13: =IF($BJ$6="","",INDEX($BG$3:$BG$22,$BJ$6)) | H13: =IF($CD$11="","",9) | I13: =IF($CD$11="","",IF($CD$11="","",INDEX('Tính'!$F$39:$F$83,$CD$11))&" · "&IF($CD$11="","",INDEX('Tính'!$O$39:$O$83,$CD$11))) | J13: =IF($CD$11="","",INDEX('Tính'!$J$39:$J$83,$CD$11)) | K13: =IF($CD$11="","",INDEX('Tính'!$K$39:$K$83,$CD$11)) | L13: =IF($CD$11="","",INDEX('Tính'!$N$39:$N$83,$CD$11)) | M13: =IF($CD$11="","",INDEX('Tính'!$M$39:$M$83,$CD$11)) | N13: =IF($CD$11="","",IF($CD$11="","",INDEX('Tính'!$P$39:$P$83,$CD$11))&"/"&COUNTIF($BA$3:$BA$22,"?*")) | BA13: ='Tính'!B13 | BB13: ='Tính'!D13 | BC13: =IF($AZ$1=0,'Tính'!$Z$13,CHOOSE($AZ$1,'Tính'!$G$13,'Tính'!$L$13,'Tính'!$Q$13,'Tính'!$V$13)) | BD13: =IF($AZ$1=0,'Tính'!$Y$13,CHOOSE($AZ$1,'Tính'!$E$13,'Tính'!$J$13,'Tính'!$O$13,'Tính'!$T$13)) | BE13: =IF($AZ$1=0,'Tính'!$AB$13,CHOOSE($AZ$1,'Tính'!$I$13,'Tính'!$N$13,'Tính'!$S$13,'Tính'!$X$13)) | BF13: =IF($AZ$1=0,'Tính'!$AA$13,CHOOSE($AZ$1,'Tính'!$H$13,'Tính'!$M$13,'Tính'!$R$13,'Tính'!$W$13)) | BG13: =IF(BC13>0,BD13/NgayQua*SoNgay/BC13,IF(BD13>0,1,0)) | BH13: =IF(CoRTNhom=1,IF(BC13>0,(BD13+BF13)/(NgayQua+1)*SoNgay/BC13,IF(BD13+BF13>0,1,0)),BG13) | BI13: =IF(BA13="",-1,IF(BB13="Chính",1000,0)+BG13+(20-11)/100000) | BJ13: =IF(LARGE($BI$3:$BI$22,11)<0,"",MATCH(LARGE($BI$3:$BI$22,11),$BI$3:$BI$22,0)) | CA13: 11 | CB13: =IF('Tính'!B49="",0,IF(OR($AZ$1=0,'Tính'!D49=$AZ$1),1,0)) | CC13: =IF(CB13=1,'Tính'!M49+1+(45-11)/1000000,-1) | CD13: =IF(LARGE($CC$3:$CC$47,11)<0,"",MATCH(LARGE($CC$3:$CC$47,11),$CC$3:$CC$47,0))
A14: =IF($BJ$7="","",INDEX($BA$3:$BA$22,$BJ$7)) | B14: =IF($BJ$7="","",INDEX($BB$3:$BB$22,$BJ$7)) | C14: =IF($BJ$7="","",INDEX($BC$3:$BC$22,$BJ$7)) | D14: =IF($BJ$7="","",INDEX($BD$3:$BD$22,$BJ$7)) | E14: =IF(A14="","",IF(C14>0,D14/C14,1)) | F14: =IF($BJ$7="","",INDEX($BG$3:$BG$22,$BJ$7)) | H14: =IF($CD$12="","",10) | I14: =IF($CD$12="","",IF($CD$12="","",INDEX('Tính'!$F$39:$F$83,$CD$12))&" · "&IF($CD$12="","",INDEX('Tính'!$O$39:$O$83,$CD$12))) | J14: =IF($CD$12="","",INDEX('Tính'!$J$39:$J$83,$CD$12)) | K14: =IF($CD$12="","",INDEX('Tính'!$K$39:$K$83,$CD$12)) | L14: =IF($CD$12="","",INDEX('Tính'!$N$39:$N$83,$CD$12)) | M14: =IF($CD$12="","",INDEX('Tính'!$M$39:$M$83,$CD$12)) | N14: =IF($CD$12="","",IF($CD$12="","",INDEX('Tính'!$P$39:$P$83,$CD$12))&"/"&COUNTIF($BA$3:$BA$22,"?*")) | BA14: ='Tính'!B14 | BB14: ='Tính'!D14 | BC14: =IF($AZ$1=0,'Tính'!$Z$14,CHOOSE($AZ$1,'Tính'!$G$14,'Tính'!$L$14,'Tính'!$Q$14,'Tính'!$V$14)) | BD14: =IF($AZ$1=0,'Tính'!$Y$14,CHOOSE($AZ$1,'Tính'!$E$14,'Tính'!$J$14,'Tính'!$O$14,'Tính'!$T$14)) | BE14: =IF($AZ$1=0,'Tính'!$AB$14,CHOOSE($AZ$1,'Tính'!$I$14,'Tính'!$N$14,'Tính'!$S$14,'Tính'!$X$14)) | BF14: =IF($AZ$1=0,'Tính'!$AA$14,CHOOSE($AZ$1,'Tính'!$H$14,'Tính'!$M$14,'Tính'!$R$14,'Tính'!$W$14)) | BG14: =IF(BC14>0,BD14/NgayQua*SoNgay/BC14,IF(BD14>0,1,0)) | BH14: =IF(CoRTNhom=1,IF(BC14>0,(BD14+BF14)/(NgayQua+1)*SoNgay/BC14,IF(BD14+BF14>0,1,0)),BG14) | BI14: =IF(BA14="",-1,IF(BB14="Chính",1000,0)+BG14+(20-12)/100000) | BJ14: =IF(LARGE($BI$3:$BI$22,12)<0,"",MATCH(LARGE($BI$3:$BI$22,12),$BI$3:$BI$22,0)) | CA14: 12 | CB14: =IF('Tính'!B50="",0,IF(OR($AZ$1=0,'Tính'!D50=$AZ$1),1,0)) | CC14: =IF(CB14=1,'Tính'!M50+1+(45-12)/1000000,-1) | CD14: =IF(LARGE($CC$3:$CC$47,12)<0,"",MATCH(LARGE($CC$3:$CC$47,12),$CC$3:$CC$47,0))
A15: =IF($BJ$8="","",INDEX($BA$3:$BA$22,$BJ$8)) | B15: =IF($BJ$8="","",INDEX($BB$3:$BB$22,$BJ$8)) | C15: =IF($BJ$8="","",INDEX($BC$3:$BC$22,$BJ$8)) | D15: =IF($BJ$8="","",INDEX($BD$3:$BD$22,$BJ$8)) | E15: =IF(A15="","",IF(C15>0,D15/C15,1)) | F15: =IF($BJ$8="","",INDEX($BG$3:$BG$22,$BJ$8)) | H15: =IF($CD$13="","",11) | I15: =IF($CD$13="","",IF($CD$13="","",INDEX('Tính'!$F$39:$F$83,$CD$13))&" · "&IF($CD$13="","",INDEX('Tính'!$O$39:$O$83,$CD$13))) | J15: =IF($CD$13="","",INDEX('Tính'!$J$39:$J$83,$CD$13)) | K15: =IF($CD$13="","",INDEX('Tính'!$K$39:$K$83,$CD$13)) | L15: =IF($CD$13="","",INDEX('Tính'!$N$39:$N$83,$CD$13)) | M15: =IF($CD$13="","",INDEX('Tính'!$M$39:$M$83,$CD$13)) | N15: =IF($CD$13="","",IF($CD$13="","",INDEX('Tính'!$P$39:$P$83,$CD$13))&"/"&COUNTIF($BA$3:$BA$22,"?*")) | BA15: ='Tính'!B15 | BB15: ='Tính'!D15 | BC15: =IF($AZ$1=0,'Tính'!$Z$15,CHOOSE($AZ$1,'Tính'!$G$15,'Tính'!$L$15,'Tính'!$Q$15,'Tính'!$V$15)) | BD15: =IF($AZ$1=0,'Tính'!$Y$15,CHOOSE($AZ$1,'Tính'!$E$15,'Tính'!$J$15,'Tính'!$O$15,'Tính'!$T$15)) | BE15: =IF($AZ$1=0,'Tính'!$AB$15,CHOOSE($AZ$1,'Tính'!$I$15,'Tính'!$N$15,'Tính'!$S$15,'Tính'!$X$15)) | BF15: =IF($AZ$1=0,'Tính'!$AA$15,CHOOSE($AZ$1,'Tính'!$H$15,'Tính'!$M$15,'Tính'!$R$15,'Tính'!$W$15)) | BG15: =IF(BC15>0,BD15/NgayQua*SoNgay/BC15,IF(BD15>0,1,0)) | BH15: =IF(CoRTNhom=1,IF(BC15>0,(BD15+BF15)/(NgayQua+1)*SoNgay/BC15,IF(BD15+BF15>0,1,0)),BG15) | BI15: =IF(BA15="",-1,IF(BB15="Chính",1000,0)+BG15+(20-13)/100000) | BJ15: =IF(LARGE($BI$3:$BI$22,13)<0,"",MATCH(LARGE($BI$3:$BI$22,13),$BI$3:$BI$22,0)) | CA15: 13 | CB15: =IF('Tính'!B51="",0,IF(OR($AZ$1=0,'Tính'!D51=$AZ$1),1,0)) | CC15: =IF(CB15=1,'Tính'!M51+1+(45-13)/1000000,-1) | CD15: =IF(LARGE($CC$3:$CC$47,13)<0,"",MATCH(LARGE($CC$3:$CC$47,13),$CC$3:$CC$47,0))
A16: =IF($BJ$9="","",INDEX($BA$3:$BA$22,$BJ$9)) | B16: =IF($BJ$9="","",INDEX($BB$3:$BB$22,$BJ$9)) | C16: =IF($BJ$9="","",INDEX($BC$3:$BC$22,$BJ$9)) | D16: =IF($BJ$9="","",INDEX($BD$3:$BD$22,$BJ$9)) | E16: =IF(A16="","",IF(C16>0,D16/C16,1)) | F16: =IF($BJ$9="","",INDEX($BG$3:$BG$22,$BJ$9)) | H16: =IF($CD$14="","",12) | I16: =IF($CD$14="","",IF($CD$14="","",INDEX('Tính'!$F$39:$F$83,$CD$14))&" · "&IF($CD$14="","",INDEX('Tính'!$O$39:$O$83,$CD$14))) | J16: =IF($CD$14="","",INDEX('Tính'!$J$39:$J$83,$CD$14)) | K16: =IF($CD$14="","",INDEX('Tính'!$K$39:$K$83,$CD$14)) | L16: =IF($CD$14="","",INDEX('Tính'!$N$39:$N$83,$CD$14)) | M16: =IF($CD$14="","",INDEX('Tính'!$M$39:$M$83,$CD$14)) | N16: =IF($CD$14="","",IF($CD$14="","",INDEX('Tính'!$P$39:$P$83,$CD$14))&"/"&COUNTIF($BA$3:$BA$22,"?*")) | BA16: ='Tính'!B16 | BB16: ='Tính'!D16 | BC16: =IF($AZ$1=0,'Tính'!$Z$16,CHOOSE($AZ$1,'Tính'!$G$16,'Tính'!$L$16,'Tính'!$Q$16,'Tính'!$V$16)) | BD16: =IF($AZ$1=0,'Tính'!$Y$16,CHOOSE($AZ$1,'Tính'!$E$16,'Tính'!$J$16,'Tính'!$O$16,'Tính'!$T$16)) | BE16: =IF($AZ$1=0,'Tính'!$AB$16,CHOOSE($AZ$1,'Tính'!$I$16,'Tính'!$N$16,'Tính'!$S$16,'Tính'!$X$16)) | BF16: =IF($AZ$1=0,'Tính'!$AA$16,CHOOSE($AZ$1,'Tính'!$H$16,'Tính'!$M$16,'Tính'!$R$16,'Tính'!$W$16)) | BG16: =IF(BC16>0,BD16/NgayQua*SoNgay/BC16,IF(BD16>0,1,0)) | BH16: =IF(CoRTNhom=1,IF(BC16>0,(BD16+BF16)/(NgayQua+1)*SoNgay/BC16,IF(BD16+BF16>0,1,0)),BG16) | BI16: =IF(BA16="",-1,IF(BB16="Chính",1000,0)+BG16+(20-14)/100000) | BJ16: =IF(LARGE($BI$3:$BI$22,14)<0,"",MATCH(LARGE($BI$3:$BI$22,14),$BI$3:$BI$22,0)) | CA16: 14 | CB16: =IF('Tính'!B52="",0,IF(OR($AZ$1=0,'Tính'!D52=$AZ$1),1,0)) | CC16: =IF(CB16=1,'Tính'!M52+1+(45-14)/1000000,-1) | CD16: =IF(LARGE($CC$3:$CC$47,14)<0,"",MATCH(LARGE($CC$3:$CC$47,14),$CC$3:$CC$47,0))
A17: =IF($BJ$10="","",INDEX($BA$3:$BA$22,$BJ$10)) | B17: =IF($BJ$10="","",INDEX($BB$3:$BB$22,$BJ$10)) | C17: =IF($BJ$10="","",INDEX($BC$3:$BC$22,$BJ$10)) | D17: =IF($BJ$10="","",INDEX($BD$3:$BD$22,$BJ$10)) | E17: =IF(A17="","",IF(C17>0,D17/C17,1)) | F17: =IF($BJ$10="","",INDEX($BG$3:$BG$22,$BJ$10)) | H17: =IF($CD$15="","",13) | I17: =IF($CD$15="","",IF($CD$15="","",INDEX('Tính'!$F$39:$F$83,$CD$15))&" · "&IF($CD$15="","",INDEX('Tính'!$O$39:$O$83,$CD$15))) | J17: =IF($CD$15="","",INDEX('Tính'!$J$39:$J$83,$CD$15)) | K17: =IF($CD$15="","",INDEX('Tính'!$K$39:$K$83,$CD$15)) | L17: =IF($CD$15="","",INDEX('Tính'!$N$39:$N$83,$CD$15)) | M17: =IF($CD$15="","",INDEX('Tính'!$M$39:$M$83,$CD$15)) | N17: =IF($CD$15="","",IF($CD$15="","",INDEX('Tính'!$P$39:$P$83,$CD$15))&"/"&COUNTIF($BA$3:$BA$22,"?*")) | BA17: ='Tính'!B17 | BB17: ='Tính'!D17 | BC17: =IF($AZ$1=0,'Tính'!$Z$17,CHOOSE($AZ$1,'Tính'!$G$17,'Tính'!$L$17,'Tính'!$Q$17,'Tính'!$V$17)) | BD17: =IF($AZ$1=0,'Tính'!$Y$17,CHOOSE($AZ$1,'Tính'!$E$17,'Tính'!$J$17,'Tính'!$O$17,'Tính'!$T$17)) | BE17: =IF($AZ$1=0,'Tính'!$AB$17,CHOOSE($AZ$1,'Tính'!$I$17,'Tính'!$N$17,'Tính'!$S$17,'Tính'!$X$17)) | BF17: =IF($AZ$1=0,'Tính'!$AA$17,CHOOSE($AZ$1,'Tính'!$H$17,'Tính'!$M$17,'Tính'!$R$17,'Tính'!$W$17)) | BG17: =IF(BC17>0,BD17/NgayQua*SoNgay/BC17,IF(BD17>0,1,0)) | BH17: =IF(CoRTNhom=1,IF(BC17>0,(BD17+BF17)/(NgayQua+1)*SoNgay/BC17,IF(BD17+BF17>0,1,0)),BG17) | BI17: =IF(BA17="",-1,IF(BB17="Chính",1000,0)+BG17+(20-15)/100000) | BJ17: =IF(LARGE($BI$3:$BI$22,15)<0,"",MATCH(LARGE($BI$3:$BI$22,15),$BI$3:$BI$22,0)) | CA17: 15 | CB17: =IF('Tính'!B53="",0,IF(OR($AZ$1=0,'Tính'!D53=$AZ$1),1,0)) | CC17: =IF(CB17=1,'Tính'!M53+1+(45-15)/1000000,-1) | CD17: =IF(LARGE($CC$3:$CC$47,15)<0,"",MATCH(LARGE($CC$3:$CC$47,15),$CC$3:$CC$47,0))
A18: =IF($BJ$11="","",INDEX($BA$3:$BA$22,$BJ$11)) | B18: =IF($BJ$11="","",INDEX($BB$3:$BB$22,$BJ$11)) | C18: =IF($BJ$11="","",INDEX($BC$3:$BC$22,$BJ$11)) | D18: =IF($BJ$11="","",INDEX($BD$3:$BD$22,$BJ$11)) | E18: =IF(A18="","",IF(C18>0,D18/C18,1)) | F18: =IF($BJ$11="","",INDEX($BG$3:$BG$22,$BJ$11)) | H18: =IF($CD$16="","",14) | I18: =IF($CD$16="","",IF($CD$16="","",INDEX('Tính'!$F$39:$F$83,$CD$16))&" · "&IF($CD$16="","",INDEX('Tính'!$O$39:$O$83,$CD$16))) | J18: =IF($CD$16="","",INDEX('Tính'!$J$39:$J$83,$CD$16)) | K18: =IF($CD$16="","",INDEX('Tính'!$K$39:$K$83,$CD$16)) | L18: =IF($CD$16="","",INDEX('Tính'!$N$39:$N$83,$CD$16)) | M18: =IF($CD$16="","",INDEX('Tính'!$M$39:$M$83,$CD$16)) | N18: =IF($CD$16="","",IF($CD$16="","",INDEX('Tính'!$P$39:$P$83,$CD$16))&"/"&COUNTIF($BA$3:$BA$22,"?*")) | BA18: ='Tính'!B18 | BB18: ='Tính'!D18 | BC18: =IF($AZ$1=0,'Tính'!$Z$18,CHOOSE($AZ$1,'Tính'!$G$18,'Tính'!$L$18,'Tính'!$Q$18,'Tính'!$V$18)) | BD18: =IF($AZ$1=0,'Tính'!$Y$18,CHOOSE($AZ$1,'Tính'!$E$18,'Tính'!$J$18,'Tính'!$O$18,'Tính'!$T$18)) | BE18: =IF($AZ$1=0,'Tính'!$AB$18,CHOOSE($AZ$1,'Tính'!$I$18,'Tính'!$N$18,'Tính'!$S$18,'Tính'!$X$18)) | BF18: =IF($AZ$1=0,'Tính'!$AA$18,CHOOSE($AZ$1,'Tính'!$H$18,'Tính'!$M$18,'Tính'!$R$18,'Tính'!$W$18)) | BG18: =IF(BC18>0,BD18/NgayQua*SoNgay/BC18,IF(BD18>0,1,0)) | BH18: =IF(CoRTNhom=1,IF(BC18>0,(BD18+BF18)/(NgayQua+1)*SoNgay/BC18,IF(BD18+BF18>0,1,0)),BG18) | BI18: =IF(BA18="",-1,IF(BB18="Chính",1000,0)+BG18+(20-16)/100000) | BJ18: =IF(LARGE($BI$3:$BI$22,16)<0,"",MATCH(LARGE($BI$3:$BI$22,16),$BI$3:$BI$22,0)) | CA18: 16 | CB18: =IF('Tính'!B54="",0,IF(OR($AZ$1=0,'Tính'!D54=$AZ$1),1,0)) | CC18: =IF(CB18=1,'Tính'!M54+1+(45-16)/1000000,-1) | CD18: =IF(LARGE($CC$3:$CC$47,16)<0,"",MATCH(LARGE($CC$3:$CC$47,16),$CC$3:$CC$47,0))
A19: =IF($BJ$12="","",INDEX($BA$3:$BA$22,$BJ$12)) | B19: =IF($BJ$12="","",INDEX($BB$3:$BB$22,$BJ$12)) | C19: =IF($BJ$12="","",INDEX($BC$3:$BC$22,$BJ$12)) | D19: =IF($BJ$12="","",INDEX($BD$3:$BD$22,$BJ$12)) | E19: =IF(A19="","",IF(C19>0,D19/C19,1)) | F19: =IF($BJ$12="","",INDEX($BG$3:$BG$22,$BJ$12)) | H19: =IF($CD$17="","",15) | I19: =IF($CD$17="","",IF($CD$17="","",INDEX('Tính'!$F$39:$F$83,$CD$17))&" · "&IF($CD$17="","",INDEX('Tính'!$O$39:$O$83,$CD$17))) | J19: =IF($CD$17="","",INDEX('Tính'!$J$39:$J$83,$CD$17)) | K19: =IF($CD$17="","",INDEX('Tính'!$K$39:$K$83,$CD$17)) | L19: =IF($CD$17="","",INDEX('Tính'!$N$39:$N$83,$CD$17)) | M19: =IF($CD$17="","",INDEX('Tính'!$M$39:$M$83,$CD$17)) | N19: =IF($CD$17="","",IF($CD$17="","",INDEX('Tính'!$P$39:$P$83,$CD$17))&"/"&COUNTIF($BA$3:$BA$22,"?*")) | BA19: ='Tính'!B19 | BB19: ='Tính'!D19 | BC19: =IF($AZ$1=0,'Tính'!$Z$19,CHOOSE($AZ$1,'Tính'!$G$19,'Tính'!$L$19,'Tính'!$Q$19,'Tính'!$V$19)) | BD19: =IF($AZ$1=0,'Tính'!$Y$19,CHOOSE($AZ$1,'Tính'!$E$19,'Tính'!$J$19,'Tính'!$O$19,'Tính'!$T$19)) | BE19: =IF($AZ$1=0,'Tính'!$AB$19,CHOOSE($AZ$1,'Tính'!$I$19,'Tính'!$N$19,'Tính'!$S$19,'Tính'!$X$19)) | BF19: =IF($AZ$1=0,'Tính'!$AA$19,CHOOSE($AZ$1,'Tính'!$H$19,'Tính'!$M$19,'Tính'!$R$19,'Tính'!$W$19)) | BG19: =IF(BC19>0,BD19/NgayQua*SoNgay/BC19,IF(BD19>0,1,0)) | BH19: =IF(CoRTNhom=1,IF(BC19>0,(BD19+BF19)/(NgayQua+1)*SoNgay/BC19,IF(BD19+BF19>0,1,0)),BG19) | BI19: =IF(BA19="",-1,IF(BB19="Chính",1000,0)+BG19+(20-17)/100000) | BJ19: =IF(LARGE($BI$3:$BI$22,17)<0,"",MATCH(LARGE($BI$3:$BI$22,17),$BI$3:$BI$22,0)) | CA19: 17 | CB19: =IF('Tính'!B55="",0,IF(OR($AZ$1=0,'Tính'!D55=$AZ$1),1,0)) | CC19: =IF(CB19=1,'Tính'!M55+1+(45-17)/1000000,-1) | CD19: =IF(LARGE($CC$3:$CC$47,17)<0,"",MATCH(LARGE($CC$3:$CC$47,17),$CC$3:$CC$47,0))
A20: =IF($BJ$13="","",INDEX($BA$3:$BA$22,$BJ$13)) | B20: =IF($BJ$13="","",INDEX($BB$3:$BB$22,$BJ$13)) | C20: =IF($BJ$13="","",INDEX($BC$3:$BC$22,$BJ$13)) | D20: =IF($BJ$13="","",INDEX($BD$3:$BD$22,$BJ$13)) | E20: =IF(A20="","",IF(C20>0,D20/C20,1)) | F20: =IF($BJ$13="","",INDEX($BG$3:$BG$22,$BJ$13)) | H20: =IF($CD$18="","",16) | I20: =IF($CD$18="","",IF($CD$18="","",INDEX('Tính'!$F$39:$F$83,$CD$18))&" · "&IF($CD$18="","",INDEX('Tính'!$O$39:$O$83,$CD$18))) | J20: =IF($CD$18="","",INDEX('Tính'!$J$39:$J$83,$CD$18)) | K20: =IF($CD$18="","",INDEX('Tính'!$K$39:$K$83,$CD$18)) | L20: =IF($CD$18="","",INDEX('Tính'!$N$39:$N$83,$CD$18)) | M20: =IF($CD$18="","",INDEX('Tính'!$M$39:$M$83,$CD$18)) | N20: =IF($CD$18="","",IF($CD$18="","",INDEX('Tính'!$P$39:$P$83,$CD$18))&"/"&COUNTIF($BA$3:$BA$22,"?*")) | BA20: ='Tính'!B20 | BB20: ='Tính'!D20 | BC20: =IF($AZ$1=0,'Tính'!$Z$20,CHOOSE($AZ$1,'Tính'!$G$20,'Tính'!$L$20,'Tính'!$Q$20,'Tính'!$V$20)) | BD20: =IF($AZ$1=0,'Tính'!$Y$20,CHOOSE($AZ$1,'Tính'!$E$20,'Tính'!$J$20,'Tính'!$O$20,'Tính'!$T$20)) | BE20: =IF($AZ$1=0,'Tính'!$AB$20,CHOOSE($AZ$1,'Tính'!$I$20,'Tính'!$N$20,'Tính'!$S$20,'Tính'!$X$20)) | BF20: =IF($AZ$1=0,'Tính'!$AA$20,CHOOSE($AZ$1,'Tính'!$H$20,'Tính'!$M$20,'Tính'!$R$20,'Tính'!$W$20)) | BG20: =IF(BC20>0,BD20/NgayQua*SoNgay/BC20,IF(BD20>0,1,0)) | BH20: =IF(CoRTNhom=1,IF(BC20>0,(BD20+BF20)/(NgayQua+1)*SoNgay/BC20,IF(BD20+BF20>0,1,0)),BG20) | BI20: =IF(BA20="",-1,IF(BB20="Chính",1000,0)+BG20+(20-18)/100000) | BJ20: =IF(LARGE($BI$3:$BI$22,18)<0,"",MATCH(LARGE($BI$3:$BI$22,18),$BI$3:$BI$22,0)) | CA20: 18 | CB20: =IF('Tính'!B56="",0,IF(OR($AZ$1=0,'Tính'!D56=$AZ$1),1,0)) | CC20: =IF(CB20=1,'Tính'!M56+1+(45-18)/1000000,-1) | CD20: =IF(LARGE($CC$3:$CC$47,18)<0,"",MATCH(LARGE($CC$3:$CC$47,18),$CC$3:$CC$47,0))
A21: =IF($BJ$14="","",INDEX($BA$3:$BA$22,$BJ$14)) | B21: =IF($BJ$14="","",INDEX($BB$3:$BB$22,$BJ$14)) | C21: =IF($BJ$14="","",INDEX($BC$3:$BC$22,$BJ$14)) | D21: =IF($BJ$14="","",INDEX($BD$3:$BD$22,$BJ$14)) | E21: =IF(A21="","",IF(C21>0,D21/C21,1)) | F21: =IF($BJ$14="","",INDEX($BG$3:$BG$22,$BJ$14)) | H21: =IF($CD$19="","",17) | I21: =IF($CD$19="","",IF($CD$19="","",INDEX('Tính'!$F$39:$F$83,$CD$19))&" · "&IF($CD$19="","",INDEX('Tính'!$O$39:$O$83,$CD$19))) | J21: =IF($CD$19="","",INDEX('Tính'!$J$39:$J$83,$CD$19)) | K21: =IF($CD$19="","",INDEX('Tính'!$K$39:$K$83,$CD$19)) | L21: =IF($CD$19="","",INDEX('Tính'!$N$39:$N$83,$CD$19)) | M21: =IF($CD$19="","",INDEX('Tính'!$M$39:$M$83,$CD$19)) | N21: =IF($CD$19="","",IF($CD$19="","",INDEX('Tính'!$P$39:$P$83,$CD$19))&"/"&COUNTIF($BA$3:$BA$22,"?*")) | BA21: ='Tính'!B21 | BB21: ='Tính'!D21 | BC21: =IF($AZ$1=0,'Tính'!$Z$21,CHOOSE($AZ$1,'Tính'!$G$21,'Tính'!$L$21,'Tính'!$Q$21,'Tính'!$V$21)) | BD21: =IF($AZ$1=0,'Tính'!$Y$21,CHOOSE($AZ$1,'Tính'!$E$21,'Tính'!$J$21,'Tính'!$O$21,'Tính'!$T$21)) | BE21: =IF($AZ$1=0,'Tính'!$AB$21,CHOOSE($AZ$1,'Tính'!$I$21,'Tính'!$N$21,'Tính'!$S$21,'Tính'!$X$21)) | BF21: =IF($AZ$1=0,'Tính'!$AA$21,CHOOSE($AZ$1,'Tính'!$H$21,'Tính'!$M$21,'Tính'!$R$21,'Tính'!$W$21)) | BG21: =IF(BC21>0,BD21/NgayQua*SoNgay/BC21,IF(BD21>0,1,0)) | BH21: =IF(CoRTNhom=1,IF(BC21>0,(BD21+BF21)/(NgayQua+1)*SoNgay/BC21,IF(BD21+BF21>0,1,0)),BG21) | BI21: =IF(BA21="",-1,IF(BB21="Chính",1000,0)+BG21+(20-19)/100000) | BJ21: =IF(LARGE($BI$3:$BI$22,19)<0,"",MATCH(LARGE($BI$3:$BI$22,19),$BI$3:$BI$22,0)) | CA21: 19 | CB21: =IF('Tính'!B57="",0,IF(OR($AZ$1=0,'Tính'!D57=$AZ$1),1,0)) | CC21: =IF(CB21=1,'Tính'!M57+1+(45-19)/1000000,-1) | CD21: =IF(LARGE($CC$3:$CC$47,19)<0,"",MATCH(LARGE($CC$3:$CC$47,19),$CC$3:$CC$47,0))
A22: =IF($BJ$15="","",INDEX($BA$3:$BA$22,$BJ$15)) | B22: =IF($BJ$15="","",INDEX($BB$3:$BB$22,$BJ$15)) | C22: =IF($BJ$15="","",INDEX($BC$3:$BC$22,$BJ$15)) | D22: =IF($BJ$15="","",INDEX($BD$3:$BD$22,$BJ$15)) | E22: =IF(A22="","",IF(C22>0,D22/C22,1)) | F22: =IF($BJ$15="","",INDEX($BG$3:$BG$22,$BJ$15)) | H22: =IF($CD$20="","",18) | I22: =IF($CD$20="","",IF($CD$20="","",INDEX('Tính'!$F$39:$F$83,$CD$20))&" · "&IF($CD$20="","",INDEX('Tính'!$O$39:$O$83,$CD$20))) | J22: =IF($CD$20="","",INDEX('Tính'!$J$39:$J$83,$CD$20)) | K22: =IF($CD$20="","",INDEX('Tính'!$K$39:$K$83,$CD$20)) | L22: =IF($CD$20="","",INDEX('Tính'!$N$39:$N$83,$CD$20)) | M22: =IF($CD$20="","",INDEX('Tính'!$M$39:$M$83,$CD$20)) | N22: =IF($CD$20="","",IF($CD$20="","",INDEX('Tính'!$P$39:$P$83,$CD$20))&"/"&COUNTIF($BA$3:$BA$22,"?*")) | BA22: ='Tính'!B22 | BB22: ='Tính'!D22 | BC22: =IF($AZ$1=0,'Tính'!$Z$22,CHOOSE($AZ$1,'Tính'!$G$22,'Tính'!$L$22,'Tính'!$Q$22,'Tính'!$V$22)) | BD22: =IF($AZ$1=0,'Tính'!$Y$22,CHOOSE($AZ$1,'Tính'!$E$22,'Tính'!$J$22,'Tính'!$O$22,'Tính'!$T$22)) | BE22: =IF($AZ$1=0,'Tính'!$AB$22,CHOOSE($AZ$1,'Tính'!$I$22,'Tính'!$N$22,'Tính'!$S$22,'Tính'!$X$22)) | BF22: =IF($AZ$1=0,'Tính'!$AA$22,CHOOSE($AZ$1,'Tính'!$H$22,'Tính'!$M$22,'Tính'!$R$22,'Tính'!$W$22)) | BG22: =IF(BC22>0,BD22/NgayQua*SoNgay/BC22,IF(BD22>0,1,0)) | BH22: =IF(CoRTNhom=1,IF(BC22>0,(BD22+BF22)/(NgayQua+1)*SoNgay/BC22,IF(BD22+BF22>0,1,0)),BG22) | BI22: =IF(BA22="",-1,IF(BB22="Chính",1000,0)+BG22+(20-20)/100000) | BJ22: =IF(LARGE($BI$3:$BI$22,20)<0,"",MATCH(LARGE($BI$3:$BI$22,20),$BI$3:$BI$22,0)) | CA22: 20 | CB22: =IF('Tính'!B58="",0,IF(OR($AZ$1=0,'Tính'!D58=$AZ$1),1,0)) | CC22: =IF(CB22=1,'Tính'!M58+1+(45-20)/1000000,-1) | CD22: =IF(LARGE($CC$3:$CC$47,20)<0,"",MATCH(LARGE($CC$3:$CC$47,20),$CC$3:$CC$47,0))
A23: =IF($BJ$16="","",INDEX($BA$3:$BA$22,$BJ$16)) | B23: =IF($BJ$16="","",INDEX($BB$3:$BB$22,$BJ$16)) | C23: =IF($BJ$16="","",INDEX($BC$3:$BC$22,$BJ$16)) | D23: =IF($BJ$16="","",INDEX($BD$3:$BD$22,$BJ$16)) | E23: =IF(A23="","",IF(C23>0,D23/C23,1)) | F23: =IF($BJ$16="","",INDEX($BG$3:$BG$22,$BJ$16)) | H23: =IF($CD$21="","",19) | I23: =IF($CD$21="","",IF($CD$21="","",INDEX('Tính'!$F$39:$F$83,$CD$21))&" · "&IF($CD$21="","",INDEX('Tính'!$O$39:$O$83,$CD$21))) | J23: =IF($CD$21="","",INDEX('Tính'!$J$39:$J$83,$CD$21)) | K23: =IF($CD$21="","",INDEX('Tính'!$K$39:$K$83,$CD$21)) | L23: =IF($CD$21="","",INDEX('Tính'!$N$39:$N$83,$CD$21)) | M23: =IF($CD$21="","",INDEX('Tính'!$M$39:$M$83,$CD$21)) | N23: =IF($CD$21="","",IF($CD$21="","",INDEX('Tính'!$P$39:$P$83,$CD$21))&"/"&COUNTIF($BA$3:$BA$22,"?*")) | CA23: 21 | CB23: =IF('Tính'!B59="",0,IF(OR($AZ$1=0,'Tính'!D59=$AZ$1),1,0)) | CC23: =IF(CB23=1,'Tính'!M59+1+(45-21)/1000000,-1) | CD23: =IF(LARGE($CC$3:$CC$47,21)<0,"",MATCH(LARGE($CC$3:$CC$47,21),$CC$3:$CC$47,0))
A24: =IF($BJ$17="","",INDEX($BA$3:$BA$22,$BJ$17)) | B24: =IF($BJ$17="","",INDEX($BB$3:$BB$22,$BJ$17)) | C24: =IF($BJ$17="","",INDEX($BC$3:$BC$22,$BJ$17)) | D24: =IF($BJ$17="","",INDEX($BD$3:$BD$22,$BJ$17)) | E24: =IF(A24="","",IF(C24>0,D24/C24,1)) | F24: =IF($BJ$17="","",INDEX($BG$3:$BG$22,$BJ$17)) | H24: =IF($CD$22="","",20) | I24: =IF($CD$22="","",IF($CD$22="","",INDEX('Tính'!$F$39:$F$83,$CD$22))&" · "&IF($CD$22="","",INDEX('Tính'!$O$39:$O$83,$CD$22))) | J24: =IF($CD$22="","",INDEX('Tính'!$J$39:$J$83,$CD$22)) | K24: =IF($CD$22="","",INDEX('Tính'!$K$39:$K$83,$CD$22)) | L24: =IF($CD$22="","",INDEX('Tính'!$N$39:$N$83,$CD$22)) | M24: =IF($CD$22="","",INDEX('Tính'!$M$39:$M$83,$CD$22)) | N24: =IF($CD$22="","",IF($CD$22="","",INDEX('Tính'!$P$39:$P$83,$CD$22))&"/"&COUNTIF($BA$3:$BA$22,"?*")) | CA24: 22 | CB24: =IF('Tính'!B60="",0,IF(OR($AZ$1=0,'Tính'!D60=$AZ$1),1,0)) | CC24: =IF(CB24=1,'Tính'!M60+1+(45-22)/1000000,-1) | CD24: =IF(LARGE($CC$3:$CC$47,22)<0,"",MATCH(LARGE($CC$3:$CC$47,22),$CC$3:$CC$47,0))
A25: =IF($BJ$18="","",INDEX($BA$3:$BA$22,$BJ$18)) | B25: =IF($BJ$18="","",INDEX($BB$3:$BB$22,$BJ$18)) | C25: =IF($BJ$18="","",INDEX($BC$3:$BC$22,$BJ$18)) | D25: =IF($BJ$18="","",INDEX($BD$3:$BD$22,$BJ$18)) | E25: =IF(A25="","",IF(C25>0,D25/C25,1)) | F25: =IF($BJ$18="","",INDEX($BG$3:$BG$22,$BJ$18)) | CA25: 23 | CB25: =IF('Tính'!B61="",0,IF(OR($AZ$1=0,'Tính'!D61=$AZ$1),1,0)) | CC25: =IF(CB25=1,'Tính'!M61+1+(45-23)/1000000,-1) | CD25: =IF(LARGE($CC$3:$CC$47,23)<0,"",MATCH(LARGE($CC$3:$CC$47,23),$CC$3:$CC$47,0))
A26: =IF($BJ$19="","",INDEX($BA$3:$BA$22,$BJ$19)) | B26: =IF($BJ$19="","",INDEX($BB$3:$BB$22,$BJ$19)) | C26: =IF($BJ$19="","",INDEX($BC$3:$BC$22,$BJ$19)) | D26: =IF($BJ$19="","",INDEX($BD$3:$BD$22,$BJ$19)) | E26: =IF(A26="","",IF(C26>0,D26/C26,1)) | F26: =IF($BJ$19="","",INDEX($BG$3:$BG$22,$BJ$19)) | I26: Nhóm hàng | J26: Cả shop | K26: =IF($CD$3="","",IF($CD$3="","",INDEX('Tính'!$F$39:$F$83,$CD$3))) | L26: =IF($CD$4="","",IF($CD$4="","",INDEX('Tính'!$F$39:$F$83,$CD$4))) | M26: =IF($CD$5="","",IF($CD$5="","",INDEX('Tính'!$F$39:$F$83,$CD$5))) | N26: =IF($CD$6="","",IF($CD$6="","",INDEX('Tính'!$F$39:$F$83,$CD$6))) | O26: =IF($CD$7="","",IF($CD$7="","",INDEX('Tính'!$F$39:$F$83,$CD$7))) | P26: =IF($CD$8="","",IF($CD$8="","",INDEX('Tính'!$F$39:$F$83,$CD$8))) | Q26: =IF($CD$9="","",IF($CD$9="","",INDEX('Tính'!$F$39:$F$83,$CD$9))) | R26: =IF($CD$10="","",IF($CD$10="","",INDEX('Tính'!$F$39:$F$83,$CD$10))) | S26: =IF($CD$11="","",IF($CD$11="","",INDEX('Tính'!$F$39:$F$83,$CD$11))) | T26: =IF($CD$12="","",IF($CD$12="","",INDEX('Tính'!$F$39:$F$83,$CD$12))) | U26: =IF($CD$13="","",IF($CD$13="","",INDEX('Tính'!$F$39:$F$83,$CD$13))) | V26: =IF($CD$14="","",IF($CD$14="","",INDEX('Tính'!$F$39:$F$83,$CD$14))) | W26: =IF($CD$15="","",IF($CD$15="","",INDEX('Tính'!$F$39:$F$83,$CD$15))) | X26: =IF($CD$16="","",IF($CD$16="","",INDEX('Tính'!$F$39:$F$83,$CD$16))) | Y26: =IF($CD$17="","",IF($CD$17="","",INDEX('Tính'!$F$39:$F$83,$CD$17))) | Z26: =IF($CD$18="","",IF($CD$18="","",INDEX('Tính'!$F$39:$F$83,$CD$18))) | AA26: =IF($CD$19="","",IF($CD$19="","",INDEX('Tính'!$F$39:$F$83,$CD$19))) | AB26: =IF($CD$20="","",IF($CD$20="","",INDEX('Tính'!$F$39:$F$83,$CD$20))) | AC26: =IF($CD$21="","",IF($CD$21="","",INDEX('Tính'!$F$39:$F$83,$CD$21))) | AD26: =IF($CD$22="","",IF($CD$22="","",INDEX('Tính'!$F$39:$F$83,$CD$22))) | CA26: 24 | CB26: =IF('Tính'!B62="",0,IF(OR($AZ$1=0,'Tính'!D62=$AZ$1),1,0)) | CC26: =IF(CB26=1,'Tính'!M62+1+(45-24)/1000000,-1) | CD26: =IF(LARGE($CC$3:$CC$47,24)<0,"",MATCH(LARGE($CC$3:$CC$47,24),$CC$3:$CC$47,0))
A27: =IF($BJ$20="","",INDEX($BA$3:$BA$22,$BJ$20)) | B27: =IF($BJ$20="","",INDEX($BB$3:$BB$22,$BJ$20)) | C27: =IF($BJ$20="","",INDEX($BC$3:$BC$22,$BJ$20)) | D27: =IF($BJ$20="","",INDEX($BD$3:$BD$22,$BJ$20)) | E27: =IF(A27="","",IF(C27>0,D27/C27,1)) | F27: =IF($BJ$20="","",INDEX($BG$3:$BG$22,$BJ$20)) | I27: =A10 | J27: =IF($I27="","",F10) | K27: =IF(OR($I27="",$K$26=""),"",INDEX('Tính'!$C$182:$V$226,$CD$3,$BJ$3)) | L27: =IF(OR($I27="",$L$26=""),"",INDEX('Tính'!$C$182:$V$226,$CD$4,$BJ$3)) | M27: =IF(OR($I27="",$M$26=""),"",INDEX('Tính'!$C$182:$V$226,$CD$5,$BJ$3)) | N27: =IF(OR($I27="",$N$26=""),"",INDEX('Tính'!$C$182:$V$226,$CD$6,$BJ$3)) | O27: =IF(OR($I27="",$O$26=""),"",INDEX('Tính'!$C$182:$V$226,$CD$7,$BJ$3)) | P27: =IF(OR($I27="",$P$26=""),"",INDEX('Tính'!$C$182:$V$226,$CD$8,$BJ$3)) | Q27: =IF(OR($I27="",$Q$26=""),"",INDEX('Tính'!$C$182:$V$226,$CD$9,$BJ$3)) | R27: =IF(OR($I27="",$R$26=""),"",INDEX('Tính'!$C$182:$V$226,$CD$10,$BJ$3)) | S27: =IF(OR($I27="",$S$26=""),"",INDEX('Tính'!$C$182:$V$226,$CD$11,$BJ$3)) | T27: =IF(OR($I27="",$T$26=""),"",INDEX('Tính'!$C$182:$V$226,$CD$12,$BJ$3)) | U27: =IF(OR($I27="",$U$26=""),"",INDEX('Tính'!$C$182:$V$226,$CD$13,$BJ$3)) | V27: =IF(OR($I27="",$V$26=""),"",INDEX('Tính'!$C$182:$V$226,$CD$14,$BJ$3)) | W27: =IF(OR($I27="",$W$26=""),"",INDEX('Tính'!$C$182:$V$226,$CD$15,$BJ$3)) | X27: =IF(OR($I27="",$X$26=""),"",INDEX('Tính'!$C$182:$V$226,$CD$16,$BJ$3)) | Y27: =IF(OR($I27="",$Y$26=""),"",INDEX('Tính'!$C$182:$V$226,$CD$17,$BJ$3)) | Z27: =IF(OR($I27="",$Z$26=""),"",INDEX('Tính'!$C$182:$V$226,$CD$18,$BJ$3)) | AA27: =IF(OR($I27="",$AA$26=""),"",INDEX('Tính'!$C$182:$V$226,$CD$19,$BJ$3)) | AB27: =IF(OR($I27="",$AB$26=""),"",INDEX('Tính'!$C$182:$V$226,$CD$20,$BJ$3)) | AC27: =IF(OR($I27="",$AC$26=""),"",INDEX('Tính'!$C$182:$V$226,$CD$21,$BJ$3)) | AD27: =IF(OR($I27="",$AD$26=""),"",INDEX('Tính'!$C$182:$V$226,$CD$22,$BJ$3)) | CA27: 25 | CB27: =IF('Tính'!B63="",0,IF(OR($AZ$1=0,'Tính'!D63=$AZ$1),1,0)) | CC27: =IF(CB27=1,'Tính'!M63+1+(45-25)/1000000,-1) | CD27: =IF(LARGE($CC$3:$CC$47,25)<0,"",MATCH(LARGE($CC$3:$CC$47,25),$CC$3:$CC$47,0))
A28: =IF($BJ$21="","",INDEX($BA$3:$BA$22,$BJ$21)) | B28: =IF($BJ$21="","",INDEX($BB$3:$BB$22,$BJ$21)) | C28: =IF($BJ$21="","",INDEX($BC$3:$BC$22,$BJ$21)) | D28: =IF($BJ$21="","",INDEX($BD$3:$BD$22,$BJ$21)) | E28: =IF(A28="","",IF(C28>0,D28/C28,1)) | F28: =IF($BJ$21="","",INDEX($BG$3:$BG$22,$BJ$21)) | I28: =A11 | J28: =IF($I28="","",F11) | K28: =IF(OR($I28="",$K$26=""),"",INDEX('Tính'!$C$182:$V$226,$CD$3,$BJ$4)) | L28: =IF(OR($I28="",$L$26=""),"",INDEX('Tính'!$C$182:$V$226,$CD$4,$BJ$4)) | M28: =IF(OR($I28="",$M$26=""),"",INDEX('Tính'!$C$182:$V$226,$CD$5,$BJ$4)) | N28: =IF(OR($I28="",$N$26=""),"",INDEX('Tính'!$C$182:$V$226,$CD$6,$BJ$4)) | O28: =IF(OR($I28="",$O$26=""),"",INDEX('Tính'!$C$182:$V$226,$CD$7,$BJ$4)) | P28: =IF(OR($I28="",$P$26=""),"",INDEX('Tính'!$C$182:$V$226,$CD$8,$BJ$4)) | Q28: =IF(OR($I28="",$Q$26=""),"",INDEX('Tính'!$C$182:$V$226,$CD$9,$BJ$4)) | R28: =IF(OR($I28="",$R$26=""),"",INDEX('Tính'!$C$182:$V$226,$CD$10,$BJ$4)) | S28: =IF(OR($I28="",$S$26=""),"",INDEX('Tính'!$C$182:$V$226,$CD$11,$BJ$4)) | T28: =IF(OR($I28="",$T$26=""),"",INDEX('Tính'!$C$182:$V$226,$CD$12,$BJ$4)) | U28: =IF(OR($I28="",$U$26=""),"",INDEX('Tính'!$C$182:$V$226,$CD$13,$BJ$4)) | V28: =IF(OR($I28="",$V$26=""),"",INDEX('Tính'!$C$182:$V$226,$CD$14,$BJ$4)) | W28: =IF(OR($I28="",$W$26=""),"",INDEX('Tính'!$C$182:$V$226,$CD$15,$BJ$4)) | X28: =IF(OR($I28="",$X$26=""),"",INDEX('Tính'!$C$182:$V$226,$CD$16,$BJ$4)) | Y28: =IF(OR($I28="",$Y$26=""),"",INDEX('Tính'!$C$182:$V$226,$CD$17,$BJ$4)) | Z28: =IF(OR($I28="",$Z$26=""),"",INDEX('Tính'!$C$182:$V$226,$CD$18,$BJ$4)) | AA28: =IF(OR($I28="",$AA$26=""),"",INDEX('Tính'!$C$182:$V$226,$CD$19,$BJ$4)) | AB28: =IF(OR($I28="",$AB$26=""),"",INDEX('Tính'!$C$182:$V$226,$CD$20,$BJ$4)) | AC28: =IF(OR($I28="",$AC$26=""),"",INDEX('Tính'!$C$182:$V$226,$CD$21,$BJ$4)) | AD28: =IF(OR($I28="",$AD$26=""),"",INDEX('Tính'!$C$182:$V$226,$CD$22,$BJ$4)) | CA28: 26 | CB28: =IF('Tính'!B64="",0,IF(OR($AZ$1=0,'Tính'!D64=$AZ$1),1,0)) | CC28: =IF(CB28=1,'Tính'!M64+1+(45-26)/1000000,-1) | CD28: =IF(LARGE($CC$3:$CC$47,26)<0,"",MATCH(LARGE($CC$3:$CC$47,26),$CC$3:$CC$47,0))
A29: =IF($BJ$22="","",INDEX($BA$3:$BA$22,$BJ$22)) | B29: =IF($BJ$22="","",INDEX($BB$3:$BB$22,$BJ$22)) | C29: =IF($BJ$22="","",INDEX($BC$3:$BC$22,$BJ$22)) | D29: =IF($BJ$22="","",INDEX($BD$3:$BD$22,$BJ$22)) | E29: =IF(A29="","",IF(C29>0,D29/C29,1)) | F29: =IF($BJ$22="","",INDEX($BG$3:$BG$22,$BJ$22)) | I29: =A12 | J29: =IF($I29="","",F12) | K29: =IF(OR($I29="",$K$26=""),"",INDEX('Tính'!$C$182:$V$226,$CD$3,$BJ$5)) | L29: =IF(OR($I29="",$L$26=""),"",INDEX('Tính'!$C$182:$V$226,$CD$4,$BJ$5)) | M29: =IF(OR($I29="",$M$26=""),"",INDEX('Tính'!$C$182:$V$226,$CD$5,$BJ$5)) | N29: =IF(OR($I29="",$N$26=""),"",INDEX('Tính'!$C$182:$V$226,$CD$6,$BJ$5)) | O29: =IF(OR($I29="",$O$26=""),"",INDEX('Tính'!$C$182:$V$226,$CD$7,$BJ$5)) | P29: =IF(OR($I29="",$P$26=""),"",INDEX('Tính'!$C$182:$V$226,$CD$8,$BJ$5)) | Q29: =IF(OR($I29="",$Q$26=""),"",INDEX('Tính'!$C$182:$V$226,$CD$9,$BJ$5)) | R29: =IF(OR($I29="",$R$26=""),"",INDEX('Tính'!$C$182:$V$226,$CD$10,$BJ$5)) | S29: =IF(OR($I29="",$S$26=""),"",INDEX('Tính'!$C$182:$V$226,$CD$11,$BJ$5)) | T29: =IF(OR($I29="",$T$26=""),"",INDEX('Tính'!$C$182:$V$226,$CD$12,$BJ$5)) | U29: =IF(OR($I29="",$U$26=""),"",INDEX('Tính'!$C$182:$V$226,$CD$13,$BJ$5)) | V29: =IF(OR($I29="",$V$26=""),"",INDEX('Tính'!$C$182:$V$226,$CD$14,$BJ$5)) | W29: =IF(OR($I29="",$W$26=""),"",INDEX('Tính'!$C$182:$V$226,$CD$15,$BJ$5)) | X29: =IF(OR($I29="",$X$26=""),"",INDEX('Tính'!$C$182:$V$226,$CD$16,$BJ$5)) | Y29: =IF(OR($I29="",$Y$26=""),"",INDEX('Tính'!$C$182:$V$226,$CD$17,$BJ$5)) | Z29: =IF(OR($I29="",$Z$26=""),"",INDEX('Tính'!$C$182:$V$226,$CD$18,$BJ$5)) | AA29: =IF(OR($I29="",$AA$26=""),"",INDEX('Tính'!$C$182:$V$226,$CD$19,$BJ$5)) | AB29: =IF(OR($I29="",$AB$26=""),"",INDEX('Tính'!$C$182:$V$226,$CD$20,$BJ$5)) | AC29: =IF(OR($I29="",$AC$26=""),"",INDEX('Tính'!$C$182:$V$226,$CD$21,$BJ$5)) | AD29: =IF(OR($I29="",$AD$26=""),"",INDEX('Tính'!$C$182:$V$226,$CD$22,$BJ$5)) | CA29: 27 | CB29: =IF('Tính'!B65="",0,IF(OR($AZ$1=0,'Tính'!D65=$AZ$1),1,0)) | CC29: =IF(CB29=1,'Tính'!M65+1+(45-27)/1000000,-1) | CD29: =IF(LARGE($CC$3:$CC$47,27)<0,"",MATCH(LARGE($CC$3:$CC$47,27),$CC$3:$CC$47,0))
I30: =A13 | J30: =IF($I30="","",F13) | K30: =IF(OR($I30="",$K$26=""),"",INDEX('Tính'!$C$182:$V$226,$CD$3,$BJ$6)) | L30: =IF(OR($I30="",$L$26=""),"",INDEX('Tính'!$C$182:$V$226,$CD$4,$BJ$6)) | M30: =IF(OR($I30="",$M$26=""),"",INDEX('Tính'!$C$182:$V$226,$CD$5,$BJ$6)) | N30: =IF(OR($I30="",$N$26=""),"",INDEX('Tính'!$C$182:$V$226,$CD$6,$BJ$6)) | O30: =IF(OR($I30="",$O$26=""),"",INDEX('Tính'!$C$182:$V$226,$CD$7,$BJ$6)) | P30: =IF(OR($I30="",$P$26=""),"",INDEX('Tính'!$C$182:$V$226,$CD$8,$BJ$6)) | Q30: =IF(OR($I30="",$Q$26=""),"",INDEX('Tính'!$C$182:$V$226,$CD$9,$BJ$6)) | R30: =IF(OR($I30="",$R$26=""),"",INDEX('Tính'!$C$182:$V$226,$CD$10,$BJ$6)) | S30: =IF(OR($I30="",$S$26=""),"",INDEX('Tính'!$C$182:$V$226,$CD$11,$BJ$6)) | T30: =IF(OR($I30="",$T$26=""),"",INDEX('Tính'!$C$182:$V$226,$CD$12,$BJ$6)) | U30: =IF(OR($I30="",$U$26=""),"",INDEX('Tính'!$C$182:$V$226,$CD$13,$BJ$6)) | V30: =IF(OR($I30="",$V$26=""),"",INDEX('Tính'!$C$182:$V$226,$CD$14,$BJ$6)) | W30: =IF(OR($I30="",$W$26=""),"",INDEX('Tính'!$C$182:$V$226,$CD$15,$BJ$6)) | X30: =IF(OR($I30="",$X$26=""),"",INDEX('Tính'!$C$182:$V$226,$CD$16,$BJ$6)) | Y30: =IF(OR($I30="",$Y$26=""),"",INDEX('Tính'!$C$182:$V$226,$CD$17,$BJ$6)) | Z30: =IF(OR($I30="",$Z$26=""),"",INDEX('Tính'!$C$182:$V$226,$CD$18,$BJ$6)) | AA30: =IF(OR($I30="",$AA$26=""),"",INDEX('Tính'!$C$182:$V$226,$CD$19,$BJ$6)) | AB30: =IF(OR($I30="",$AB$26=""),"",INDEX('Tính'!$C$182:$V$226,$CD$20,$BJ$6)) | AC30: =IF(OR($I30="",$AC$26=""),"",INDEX('Tính'!$C$182:$V$226,$CD$21,$BJ$6)) | AD30: =IF(OR($I30="",$AD$26=""),"",INDEX('Tính'!$C$182:$V$226,$CD$22,$BJ$6)) | CA30: 28 | CB30: =IF('Tính'!B66="",0,IF(OR($AZ$1=0,'Tính'!D66=$AZ$1),1,0)) | CC30: =IF(CB30=1,'Tính'!M66+1+(45-28)/1000000,-1) | CD30: =IF(LARGE($CC$3:$CC$47,28)<0,"",MATCH(LARGE($CC$3:$CC$47,28),$CC$3:$CC$47,0))
I31: =A14 | J31: =IF($I31="","",F14) | K31: =IF(OR($I31="",$K$26=""),"",INDEX('Tính'!$C$182:$V$226,$CD$3,$BJ$7)) | L31: =IF(OR($I31="",$L$26=""),"",INDEX('Tính'!$C$182:$V$226,$CD$4,$BJ$7)) | M31: =IF(OR($I31="",$M$26=""),"",INDEX('Tính'!$C$182:$V$226,$CD$5,$BJ$7)) | N31: =IF(OR($I31="",$N$26=""),"",INDEX('Tính'!$C$182:$V$226,$CD$6,$BJ$7)) | O31: =IF(OR($I31="",$O$26=""),"",INDEX('Tính'!$C$182:$V$226,$CD$7,$BJ$7)) | P31: =IF(OR($I31="",$P$26=""),"",INDEX('Tính'!$C$182:$V$226,$CD$8,$BJ$7)) | Q31: =IF(OR($I31="",$Q$26=""),"",INDEX('Tính'!$C$182:$V$226,$CD$9,$BJ$7)) | R31: =IF(OR($I31="",$R$26=""),"",INDEX('Tính'!$C$182:$V$226,$CD$10,$BJ$7)) | S31: =IF(OR($I31="",$S$26=""),"",INDEX('Tính'!$C$182:$V$226,$CD$11,$BJ$7)) | T31: =IF(OR($I31="",$T$26=""),"",INDEX('Tính'!$C$182:$V$226,$CD$12,$BJ$7)) | U31: =IF(OR($I31="",$U$26=""),"",INDEX('Tính'!$C$182:$V$226,$CD$13,$BJ$7)) | V31: =IF(OR($I31="",$V$26=""),"",INDEX('Tính'!$C$182:$V$226,$CD$14,$BJ$7)) | W31: =IF(OR($I31="",$W$26=""),"",INDEX('Tính'!$C$182:$V$226,$CD$15,$BJ$7)) | X31: =IF(OR($I31="",$X$26=""),"",INDEX('Tính'!$C$182:$V$226,$CD$16,$BJ$7)) | Y31: =IF(OR($I31="",$Y$26=""),"",INDEX('Tính'!$C$182:$V$226,$CD$17,$BJ$7)) | Z31: =IF(OR($I31="",$Z$26=""),"",INDEX('Tính'!$C$182:$V$226,$CD$18,$BJ$7)) | AA31: =IF(OR($I31="",$AA$26=""),"",INDEX('Tính'!$C$182:$V$226,$CD$19,$BJ$7)) | AB31: =IF(OR($I31="",$AB$26=""),"",INDEX('Tính'!$C$182:$V$226,$CD$20,$BJ$7)) | AC31: =IF(OR($I31="",$AC$26=""),"",INDEX('Tính'!$C$182:$V$226,$CD$21,$BJ$7)) | AD31: =IF(OR($I31="",$AD$26=""),"",INDEX('Tính'!$C$182:$V$226,$CD$22,$BJ$7)) | CA31: 29 | CB31: =IF('Tính'!B67="",0,IF(OR($AZ$1=0,'Tính'!D67=$AZ$1),1,0)) | CC31: =IF(CB31=1,'Tính'!M67+1+(45-29)/1000000,-1) | CD31: =IF(LARGE($CC$3:$CC$47,29)<0,"",MATCH(LARGE($CC$3:$CC$47,29),$CC$3:$CC$47,0))
I32: =A15 | J32: =IF($I32="","",F15) | K32: =IF(OR($I32="",$K$26=""),"",INDEX('Tính'!$C$182:$V$226,$CD$3,$BJ$8)) | L32: =IF(OR($I32="",$L$26=""),"",INDEX('Tính'!$C$182:$V$226,$CD$4,$BJ$8)) | M32: =IF(OR($I32="",$M$26=""),"",INDEX('Tính'!$C$182:$V$226,$CD$5,$BJ$8)) | N32: =IF(OR($I32="",$N$26=""),"",INDEX('Tính'!$C$182:$V$226,$CD$6,$BJ$8)) | O32: =IF(OR($I32="",$O$26=""),"",INDEX('Tính'!$C$182:$V$226,$CD$7,$BJ$8)) | P32: =IF(OR($I32="",$P$26=""),"",INDEX('Tính'!$C$182:$V$226,$CD$8,$BJ$8)) | Q32: =IF(OR($I32="",$Q$26=""),"",INDEX('Tính'!$C$182:$V$226,$CD$9,$BJ$8)) | R32: =IF(OR($I32="",$R$26=""),"",INDEX('Tính'!$C$182:$V$226,$CD$10,$BJ$8)) | S32: =IF(OR($I32="",$S$26=""),"",INDEX('Tính'!$C$182:$V$226,$CD$11,$BJ$8)) | T32: =IF(OR($I32="",$T$26=""),"",INDEX('Tính'!$C$182:$V$226,$CD$12,$BJ$8)) | U32: =IF(OR($I32="",$U$26=""),"",INDEX('Tính'!$C$182:$V$226,$CD$13,$BJ$8)) | V32: =IF(OR($I32="",$V$26=""),"",INDEX('Tính'!$C$182:$V$226,$CD$14,$BJ$8)) | W32: =IF(OR($I32="",$W$26=""),"",INDEX('Tính'!$C$182:$V$226,$CD$15,$BJ$8)) | X32: =IF(OR($I32="",$X$26=""),"",INDEX('Tính'!$C$182:$V$226,$CD$16,$BJ$8)) | Y32: =IF(OR($I32="",$Y$26=""),"",INDEX('Tính'!$C$182:$V$226,$CD$17,$BJ$8)) | Z32: =IF(OR($I32="",$Z$26=""),"",INDEX('Tính'!$C$182:$V$226,$CD$18,$BJ$8)) | AA32: =IF(OR($I32="",$AA$26=""),"",INDEX('Tính'!$C$182:$V$226,$CD$19,$BJ$8)) | AB32: =IF(OR($I32="",$AB$26=""),"",INDEX('Tính'!$C$182:$V$226,$CD$20,$BJ$8)) | AC32: =IF(OR($I32="",$AC$26=""),"",INDEX('Tính'!$C$182:$V$226,$CD$21,$BJ$8)) | AD32: =IF(OR($I32="",$AD$26=""),"",INDEX('Tính'!$C$182:$V$226,$CD$22,$BJ$8)) | CA32: 30 | CB32: =IF('Tính'!B68="",0,IF(OR($AZ$1=0,'Tính'!D68=$AZ$1),1,0)) | CC32: =IF(CB32=1,'Tính'!M68+1+(45-30)/1000000,-1) | CD32: =IF(LARGE($CC$3:$CC$47,30)<0,"",MATCH(LARGE($CC$3:$CC$47,30),$CC$3:$CC$47,0))
I33: =A16 | J33: =IF($I33="","",F16) | K33: =IF(OR($I33="",$K$26=""),"",INDEX('Tính'!$C$182:$V$226,$CD$3,$BJ$9)) | L33: =IF(OR($I33="",$L$26=""),"",INDEX('Tính'!$C$182:$V$226,$CD$4,$BJ$9)) | M33: =IF(OR($I33="",$M$26=""),"",INDEX('Tính'!$C$182:$V$226,$CD$5,$BJ$9)) | N33: =IF(OR($I33="",$N$26=""),"",INDEX('Tính'!$C$182:$V$226,$CD$6,$BJ$9)) | O33: =IF(OR($I33="",$O$26=""),"",INDEX('Tính'!$C$182:$V$226,$CD$7,$BJ$9)) | P33: =IF(OR($I33="",$P$26=""),"",INDEX('Tính'!$C$182:$V$226,$CD$8,$BJ$9)) | Q33: =IF(OR($I33="",$Q$26=""),"",INDEX('Tính'!$C$182:$V$226,$CD$9,$BJ$9)) | R33: =IF(OR($I33="",$R$26=""),"",INDEX('Tính'!$C$182:$V$226,$CD$10,$BJ$9)) | S33: =IF(OR($I33="",$S$26=""),"",INDEX('Tính'!$C$182:$V$226,$CD$11,$BJ$9)) | T33: =IF(OR($I33="",$T$26=""),"",INDEX('Tính'!$C$182:$V$226,$CD$12,$BJ$9)) | U33: =IF(OR($I33="",$U$26=""),"",INDEX('Tính'!$C$182:$V$226,$CD$13,$BJ$9)) | V33: =IF(OR($I33="",$V$26=""),"",INDEX('Tính'!$C$182:$V$226,$CD$14,$BJ$9)) | W33: =IF(OR($I33="",$W$26=""),"",INDEX('Tính'!$C$182:$V$226,$CD$15,$BJ$9)) | X33: =IF(OR($I33="",$X$26=""),"",INDEX('Tính'!$C$182:$V$226,$CD$16,$BJ$9)) | Y33: =IF(OR($I33="",$Y$26=""),"",INDEX('Tính'!$C$182:$V$226,$CD$17,$BJ$9)) | Z33: =IF(OR($I33="",$Z$26=""),"",INDEX('Tính'!$C$182:$V$226,$CD$18,$BJ$9)) | AA33: =IF(OR($I33="",$AA$26=""),"",INDEX('Tính'!$C$182:$V$226,$CD$19,$BJ$9)) | AB33: =IF(OR($I33="",$AB$26=""),"",INDEX('Tính'!$C$182:$V$226,$CD$20,$BJ$9)) | AC33: =IF(OR($I33="",$AC$26=""),"",INDEX('Tính'!$C$182:$V$226,$CD$21,$BJ$9)) | AD33: =IF(OR($I33="",$AD$26=""),"",INDEX('Tính'!$C$182:$V$226,$CD$22,$BJ$9)) | CA33: 31 | CB33: =IF('Tính'!B69="",0,IF(OR($AZ$1=0,'Tính'!D69=$AZ$1),1,0)) | CC33: =IF(CB33=1,'Tính'!M69+1+(45-31)/1000000,-1) | CD33: =IF(LARGE($CC$3:$CC$47,31)<0,"",MATCH(LARGE($CC$3:$CC$47,31),$CC$3:$CC$47,0))
I34: =A17 | J34: =IF($I34="","",F17) | K34: =IF(OR($I34="",$K$26=""),"",INDEX('Tính'!$C$182:$V$226,$CD$3,$BJ$10)) | L34: =IF(OR($I34="",$L$26=""),"",INDEX('Tính'!$C$182:$V$226,$CD$4,$BJ$10)) | M34: =IF(OR($I34="",$M$26=""),"",INDEX('Tính'!$C$182:$V$226,$CD$5,$BJ$10)) | N34: =IF(OR($I34="",$N$26=""),"",INDEX('Tính'!$C$182:$V$226,$CD$6,$BJ$10)) | O34: =IF(OR($I34="",$O$26=""),"",INDEX('Tính'!$C$182:$V$226,$CD$7,$BJ$10)) | P34: =IF(OR($I34="",$P$26=""),"",INDEX('Tính'!$C$182:$V$226,$CD$8,$BJ$10)) | Q34: =IF(OR($I34="",$Q$26=""),"",INDEX('Tính'!$C$182:$V$226,$CD$9,$BJ$10)) | R34: =IF(OR($I34="",$R$26=""),"",INDEX('Tính'!$C$182:$V$226,$CD$10,$BJ$10)) | S34: =IF(OR($I34="",$S$26=""),"",INDEX('Tính'!$C$182:$V$226,$CD$11,$BJ$10)) | T34: =IF(OR($I34="",$T$26=""),"",INDEX('Tính'!$C$182:$V$226,$CD$12,$BJ$10)) | U34: =IF(OR($I34="",$U$26=""),"",INDEX('Tính'!$C$182:$V$226,$CD$13,$BJ$10)) | V34: =IF(OR($I34="",$V$26=""),"",INDEX('Tính'!$C$182:$V$226,$CD$14,$BJ$10)) | W34: =IF(OR($I34="",$W$26=""),"",INDEX('Tính'!$C$182:$V$226,$CD$15,$BJ$10)) | X34: =IF(OR($I34="",$X$26=""),"",INDEX('Tính'!$C$182:$V$226,$CD$16,$BJ$10)) | Y34: =IF(OR($I34="",$Y$26=""),"",INDEX('Tính'!$C$182:$V$226,$CD$17,$BJ$10)) | Z34: =IF(OR($I34="",$Z$26=""),"",INDEX('Tính'!$C$182:$V$226,$CD$18,$BJ$10)) | AA34: =IF(OR($I34="",$AA$26=""),"",INDEX('Tính'!$C$182:$V$226,$CD$19,$BJ$10)) | AB34: =IF(OR($I34="",$AB$26=""),"",INDEX('Tính'!$C$182:$V$226,$CD$20,$BJ$10)) | AC34: =IF(OR($I34="",$AC$26=""),"",INDEX('Tính'!$C$182:$V$226,$CD$21,$BJ$10)) | AD34: =IF(OR($I34="",$AD$26=""),"",INDEX('Tính'!$C$182:$V$226,$CD$22,$BJ$10)) | CA34: 32 | CB34: =IF('Tính'!B70="",0,IF(OR($AZ$1=0,'Tính'!D70=$AZ$1),1,0)) | CC34: =IF(CB34=1,'Tính'!M70+1+(45-32)/1000000,-1) | CD34: =IF(LARGE($CC$3:$CC$47,32)<0,"",MATCH(LARGE($CC$3:$CC$47,32),$CC$3:$CC$47,0))
I35: =A18 | J35: =IF($I35="","",F18) | K35: =IF(OR($I35="",$K$26=""),"",INDEX('Tính'!$C$182:$V$226,$CD$3,$BJ$11)) | L35: =IF(OR($I35="",$L$26=""),"",INDEX('Tính'!$C$182:$V$226,$CD$4,$BJ$11)) | M35: =IF(OR($I35="",$M$26=""),"",INDEX('Tính'!$C$182:$V$226,$CD$5,$BJ$11)) | N35: =IF(OR($I35="",$N$26=""),"",INDEX('Tính'!$C$182:$V$226,$CD$6,$BJ$11)) | O35: =IF(OR($I35="",$O$26=""),"",INDEX('Tính'!$C$182:$V$226,$CD$7,$BJ$11)) | P35: =IF(OR($I35="",$P$26=""),"",INDEX('Tính'!$C$182:$V$226,$CD$8,$BJ$11)) | Q35: =IF(OR($I35="",$Q$26=""),"",INDEX('Tính'!$C$182:$V$226,$CD$9,$BJ$11)) | R35: =IF(OR($I35="",$R$26=""),"",INDEX('Tính'!$C$182:$V$226,$CD$10,$BJ$11)) | S35: =IF(OR($I35="",$S$26=""),"",INDEX('Tính'!$C$182:$V$226,$CD$11,$BJ$11)) | T35: =IF(OR($I35="",$T$26=""),"",INDEX('Tính'!$C$182:$V$226,$CD$12,$BJ$11)) | U35: =IF(OR($I35="",$U$26=""),"",INDEX('Tính'!$C$182:$V$226,$CD$13,$BJ$11)) | V35: =IF(OR($I35="",$V$26=""),"",INDEX('Tính'!$C$182:$V$226,$CD$14,$BJ$11)) | W35: =IF(OR($I35="",$W$26=""),"",INDEX('Tính'!$C$182:$V$226,$CD$15,$BJ$11)) | X35: =IF(OR($I35="",$X$26=""),"",INDEX('Tính'!$C$182:$V$226,$CD$16,$BJ$11)) | Y35: =IF(OR($I35="",$Y$26=""),"",INDEX('Tính'!$C$182:$V$226,$CD$17,$BJ$11)) | Z35: =IF(OR($I35="",$Z$26=""),"",INDEX('Tính'!$C$182:$V$226,$CD$18,$BJ$11)) | AA35: =IF(OR($I35="",$AA$26=""),"",INDEX('Tính'!$C$182:$V$226,$CD$19,$BJ$11)) | AB35: =IF(OR($I35="",$AB$26=""),"",INDEX('Tính'!$C$182:$V$226,$CD$20,$BJ$11)) | AC35: =IF(OR($I35="",$AC$26=""),"",INDEX('Tính'!$C$182:$V$226,$CD$21,$BJ$11)) | AD35: =IF(OR($I35="",$AD$26=""),"",INDEX('Tính'!$C$182:$V$226,$CD$22,$BJ$11)) | CA35: 33 | CB35: =IF('Tính'!B71="",0,IF(OR($AZ$1=0,'Tính'!D71=$AZ$1),1,0)) | CC35: =IF(CB35=1,'Tính'!M71+1+(45-33)/1000000,-1) | CD35: =IF(LARGE($CC$3:$CC$47,33)<0,"",MATCH(LARGE($CC$3:$CC$47,33),$CC$3:$CC$47,0))
I36: =A19 | J36: =IF($I36="","",F19) | K36: =IF(OR($I36="",$K$26=""),"",INDEX('Tính'!$C$182:$V$226,$CD$3,$BJ$12)) | L36: =IF(OR($I36="",$L$26=""),"",INDEX('Tính'!$C$182:$V$226,$CD$4,$BJ$12)) | M36: =IF(OR($I36="",$M$26=""),"",INDEX('Tính'!$C$182:$V$226,$CD$5,$BJ$12)) | N36: =IF(OR($I36="",$N$26=""),"",INDEX('Tính'!$C$182:$V$226,$CD$6,$BJ$12)) | O36: =IF(OR($I36="",$O$26=""),"",INDEX('Tính'!$C$182:$V$226,$CD$7,$BJ$12)) | P36: =IF(OR($I36="",$P$26=""),"",INDEX('Tính'!$C$182:$V$226,$CD$8,$BJ$12)) | Q36: =IF(OR($I36="",$Q$26=""),"",INDEX('Tính'!$C$182:$V$226,$CD$9,$BJ$12)) | R36: =IF(OR($I36="",$R$26=""),"",INDEX('Tính'!$C$182:$V$226,$CD$10,$BJ$12)) | S36: =IF(OR($I36="",$S$26=""),"",INDEX('Tính'!$C$182:$V$226,$CD$11,$BJ$12)) | T36: =IF(OR($I36="",$T$26=""),"",INDEX('Tính'!$C$182:$V$226,$CD$12,$BJ$12)) | U36: =IF(OR($I36="",$U$26=""),"",INDEX('Tính'!$C$182:$V$226,$CD$13,$BJ$12)) | V36: =IF(OR($I36="",$V$26=""),"",INDEX('Tính'!$C$182:$V$226,$CD$14,$BJ$12)) | W36: =IF(OR($I36="",$W$26=""),"",INDEX('Tính'!$C$182:$V$226,$CD$15,$BJ$12)) | X36: =IF(OR($I36="",$X$26=""),"",INDEX('Tính'!$C$182:$V$226,$CD$16,$BJ$12)) | Y36: =IF(OR($I36="",$Y$26=""),"",INDEX('Tính'!$C$182:$V$226,$CD$17,$BJ$12)) | Z36: =IF(OR($I36="",$Z$26=""),"",INDEX('Tính'!$C$182:$V$226,$CD$18,$BJ$12)) | AA36: =IF(OR($I36="",$AA$26=""),"",INDEX('Tính'!$C$182:$V$226,$CD$19,$BJ$12)) | AB36: =IF(OR($I36="",$AB$26=""),"",INDEX('Tính'!$C$182:$V$226,$CD$20,$BJ$12)) | AC36: =IF(OR($I36="",$AC$26=""),"",INDEX('Tính'!$C$182:$V$226,$CD$21,$BJ$12)) | AD36: =IF(OR($I36="",$AD$26=""),"",INDEX('Tính'!$C$182:$V$226,$CD$22,$BJ$12)) | CA36: 34 | CB36: =IF('Tính'!B72="",0,IF(OR($AZ$1=0,'Tính'!D72=$AZ$1),1,0)) | CC36: =IF(CB36=1,'Tính'!M72+1+(45-34)/1000000,-1) | CD36: =IF(LARGE($CC$3:$CC$47,34)<0,"",MATCH(LARGE($CC$3:$CC$47,34),$CC$3:$CC$47,0))
I37: =A20 | J37: =IF($I37="","",F20) | K37: =IF(OR($I37="",$K$26=""),"",INDEX('Tính'!$C$182:$V$226,$CD$3,$BJ$13)) | L37: =IF(OR($I37="",$L$26=""),"",INDEX('Tính'!$C$182:$V$226,$CD$4,$BJ$13)) | M37: =IF(OR($I37="",$M$26=""),"",INDEX('Tính'!$C$182:$V$226,$CD$5,$BJ$13)) | N37: =IF(OR($I37="",$N$26=""),"",INDEX('Tính'!$C$182:$V$226,$CD$6,$BJ$13)) | O37: =IF(OR($I37="",$O$26=""),"",INDEX('Tính'!$C$182:$V$226,$CD$7,$BJ$13)) | P37: =IF(OR($I37="",$P$26=""),"",INDEX('Tính'!$C$182:$V$226,$CD$8,$BJ$13)) | Q37: =IF(OR($I37="",$Q$26=""),"",INDEX('Tính'!$C$182:$V$226,$CD$9,$BJ$13)) | R37: =IF(OR($I37="",$R$26=""),"",INDEX('Tính'!$C$182:$V$226,$CD$10,$BJ$13)) | S37: =IF(OR($I37="",$S$26=""),"",INDEX('Tính'!$C$182:$V$226,$CD$11,$BJ$13)) | T37: =IF(OR($I37="",$T$26=""),"",INDEX('Tính'!$C$182:$V$226,$CD$12,$BJ$13)) | U37: =IF(OR($I37="",$U$26=""),"",INDEX('Tính'!$C$182:$V$226,$CD$13,$BJ$13)) | V37: =IF(OR($I37="",$V$26=""),"",INDEX('Tính'!$C$182:$V$226,$CD$14,$BJ$13)) | W37: =IF(OR($I37="",$W$26=""),"",INDEX('Tính'!$C$182:$V$226,$CD$15,$BJ$13)) | X37: =IF(OR($I37="",$X$26=""),"",INDEX('Tính'!$C$182:$V$226,$CD$16,$BJ$13)) | Y37: =IF(OR($I37="",$Y$26=""),"",INDEX('Tính'!$C$182:$V$226,$CD$17,$BJ$13)) | Z37: =IF(OR($I37="",$Z$26=""),"",INDEX('Tính'!$C$182:$V$226,$CD$18,$BJ$13)) | AA37: =IF(OR($I37="",$AA$26=""),"",INDEX('Tính'!$C$182:$V$226,$CD$19,$BJ$13)) | AB37: =IF(OR($I37="",$AB$26=""),"",INDEX('Tính'!$C$182:$V$226,$CD$20,$BJ$13)) | AC37: =IF(OR($I37="",$AC$26=""),"",INDEX('Tính'!$C$182:$V$226,$CD$21,$BJ$13)) | AD37: =IF(OR($I37="",$AD$26=""),"",INDEX('Tính'!$C$182:$V$226,$CD$22,$BJ$13)) | CA37: 35 | CB37: =IF('Tính'!B73="",0,IF(OR($AZ$1=0,'Tính'!D73=$AZ$1),1,0)) | CC37: =IF(CB37=1,'Tính'!M73+1+(45-35)/1000000,-1) | CD37: =IF(LARGE($CC$3:$CC$47,35)<0,"",MATCH(LARGE($CC$3:$CC$47,35),$CC$3:$CC$47,0))
I38: =A21 | J38: =IF($I38="","",F21) | K38: =IF(OR($I38="",$K$26=""),"",INDEX('Tính'!$C$182:$V$226,$CD$3,$BJ$14)) | L38: =IF(OR($I38="",$L$26=""),"",INDEX('Tính'!$C$182:$V$226,$CD$4,$BJ$14)) | M38: =IF(OR($I38="",$M$26=""),"",INDEX('Tính'!$C$182:$V$226,$CD$5,$BJ$14)) | N38: =IF(OR($I38="",$N$26=""),"",INDEX('Tính'!$C$182:$V$226,$CD$6,$BJ$14)) | O38: =IF(OR($I38="",$O$26=""),"",INDEX('Tính'!$C$182:$V$226,$CD$7,$BJ$14)) | P38: =IF(OR($I38="",$P$26=""),"",INDEX('Tính'!$C$182:$V$226,$CD$8,$BJ$14)) | Q38: =IF(OR($I38="",$Q$26=""),"",INDEX('Tính'!$C$182:$V$226,$CD$9,$BJ$14)) | R38: =IF(OR($I38="",$R$26=""),"",INDEX('Tính'!$C$182:$V$226,$CD$10,$BJ$14)) | S38: =IF(OR($I38="",$S$26=""),"",INDEX('Tính'!$C$182:$V$226,$CD$11,$BJ$14)) | T38: =IF(OR($I38="",$T$26=""),"",INDEX('Tính'!$C$182:$V$226,$CD$12,$BJ$14)) | U38: =IF(OR($I38="",$U$26=""),"",INDEX('Tính'!$C$182:$V$226,$CD$13,$BJ$14)) | V38: =IF(OR($I38="",$V$26=""),"",INDEX('Tính'!$C$182:$V$226,$CD$14,$BJ$14)) | W38: =IF(OR($I38="",$W$26=""),"",INDEX('Tính'!$C$182:$V$226,$CD$15,$BJ$14)) | X38: =IF(OR($I38="",$X$26=""),"",INDEX('Tính'!$C$182:$V$226,$CD$16,$BJ$14)) | Y38: =IF(OR($I38="",$Y$26=""),"",INDEX('Tính'!$C$182:$V$226,$CD$17,$BJ$14)) | Z38: =IF(OR($I38="",$Z$26=""),"",INDEX('Tính'!$C$182:$V$226,$CD$18,$BJ$14)) | AA38: =IF(OR($I38="",$AA$26=""),"",INDEX('Tính'!$C$182:$V$226,$CD$19,$BJ$14)) | AB38: =IF(OR($I38="",$AB$26=""),"",INDEX('Tính'!$C$182:$V$226,$CD$20,$BJ$14)) | AC38: =IF(OR($I38="",$AC$26=""),"",INDEX('Tính'!$C$182:$V$226,$CD$21,$BJ$14)) | AD38: =IF(OR($I38="",$AD$26=""),"",INDEX('Tính'!$C$182:$V$226,$CD$22,$BJ$14)) | CA38: 36 | CB38: =IF('Tính'!B74="",0,IF(OR($AZ$1=0,'Tính'!D74=$AZ$1),1,0)) | CC38: =IF(CB38=1,'Tính'!M74+1+(45-36)/1000000,-1) | CD38: =IF(LARGE($CC$3:$CC$47,36)<0,"",MATCH(LARGE($CC$3:$CC$47,36),$CC$3:$CC$47,0))
I39: =A22 | J39: =IF($I39="","",F22) | K39: =IF(OR($I39="",$K$26=""),"",INDEX('Tính'!$C$182:$V$226,$CD$3,$BJ$15)) | L39: =IF(OR($I39="",$L$26=""),"",INDEX('Tính'!$C$182:$V$226,$CD$4,$BJ$15)) | M39: =IF(OR($I39="",$M$26=""),"",INDEX('Tính'!$C$182:$V$226,$CD$5,$BJ$15)) | N39: =IF(OR($I39="",$N$26=""),"",INDEX('Tính'!$C$182:$V$226,$CD$6,$BJ$15)) | O39: =IF(OR($I39="",$O$26=""),"",INDEX('Tính'!$C$182:$V$226,$CD$7,$BJ$15)) | P39: =IF(OR($I39="",$P$26=""),"",INDEX('Tính'!$C$182:$V$226,$CD$8,$BJ$15)) | Q39: =IF(OR($I39="",$Q$26=""),"",INDEX('Tính'!$C$182:$V$226,$CD$9,$BJ$15)) | R39: =IF(OR($I39="",$R$26=""),"",INDEX('Tính'!$C$182:$V$226,$CD$10,$BJ$15)) | S39: =IF(OR($I39="",$S$26=""),"",INDEX('Tính'!$C$182:$V$226,$CD$11,$BJ$15)) | T39: =IF(OR($I39="",$T$26=""),"",INDEX('Tính'!$C$182:$V$226,$CD$12,$BJ$15)) | U39: =IF(OR($I39="",$U$26=""),"",INDEX('Tính'!$C$182:$V$226,$CD$13,$BJ$15)) | V39: =IF(OR($I39="",$V$26=""),"",INDEX('Tính'!$C$182:$V$226,$CD$14,$BJ$15)) | W39: =IF(OR($I39="",$W$26=""),"",INDEX('Tính'!$C$182:$V$226,$CD$15,$BJ$15)) | X39: =IF(OR($I39="",$X$26=""),"",INDEX('Tính'!$C$182:$V$226,$CD$16,$BJ$15)) | Y39: =IF(OR($I39="",$Y$26=""),"",INDEX('Tính'!$C$182:$V$226,$CD$17,$BJ$15)) | Z39: =IF(OR($I39="",$Z$26=""),"",INDEX('Tính'!$C$182:$V$226,$CD$18,$BJ$15)) | AA39: =IF(OR($I39="",$AA$26=""),"",INDEX('Tính'!$C$182:$V$226,$CD$19,$BJ$15)) | AB39: =IF(OR($I39="",$AB$26=""),"",INDEX('Tính'!$C$182:$V$226,$CD$20,$BJ$15)) | AC39: =IF(OR($I39="",$AC$26=""),"",INDEX('Tính'!$C$182:$V$226,$CD$21,$BJ$15)) | AD39: =IF(OR($I39="",$AD$26=""),"",INDEX('Tính'!$C$182:$V$226,$CD$22,$BJ$15)) | CA39: 37 | CB39: =IF('Tính'!B75="",0,IF(OR($AZ$1=0,'Tính'!D75=$AZ$1),1,0)) | CC39: =IF(CB39=1,'Tính'!M75+1+(45-37)/1000000,-1) | CD39: =IF(LARGE($CC$3:$CC$47,37)<0,"",MATCH(LARGE($CC$3:$CC$47,37),$CC$3:$CC$47,0))
I40: =A23 | J40: =IF($I40="","",F23) | K40: =IF(OR($I40="",$K$26=""),"",INDEX('Tính'!$C$182:$V$226,$CD$3,$BJ$16)) | L40: =IF(OR($I40="",$L$26=""),"",INDEX('Tính'!$C$182:$V$226,$CD$4,$BJ$16)) | M40: =IF(OR($I40="",$M$26=""),"",INDEX('Tính'!$C$182:$V$226,$CD$5,$BJ$16)) | N40: =IF(OR($I40="",$N$26=""),"",INDEX('Tính'!$C$182:$V$226,$CD$6,$BJ$16)) | O40: =IF(OR($I40="",$O$26=""),"",INDEX('Tính'!$C$182:$V$226,$CD$7,$BJ$16)) | P40: =IF(OR($I40="",$P$26=""),"",INDEX('Tính'!$C$182:$V$226,$CD$8,$BJ$16)) | Q40: =IF(OR($I40="",$Q$26=""),"",INDEX('Tính'!$C$182:$V$226,$CD$9,$BJ$16)) | R40: =IF(OR($I40="",$R$26=""),"",INDEX('Tính'!$C$182:$V$226,$CD$10,$BJ$16)) | S40: =IF(OR($I40="",$S$26=""),"",INDEX('Tính'!$C$182:$V$226,$CD$11,$BJ$16)) | T40: =IF(OR($I40="",$T$26=""),"",INDEX('Tính'!$C$182:$V$226,$CD$12,$BJ$16)) | U40: =IF(OR($I40="",$U$26=""),"",INDEX('Tính'!$C$182:$V$226,$CD$13,$BJ$16)) | V40: =IF(OR($I40="",$V$26=""),"",INDEX('Tính'!$C$182:$V$226,$CD$14,$BJ$16)) | W40: =IF(OR($I40="",$W$26=""),"",INDEX('Tính'!$C$182:$V$226,$CD$15,$BJ$16)) | X40: =IF(OR($I40="",$X$26=""),"",INDEX('Tính'!$C$182:$V$226,$CD$16,$BJ$16)) | Y40: =IF(OR($I40="",$Y$26=""),"",INDEX('Tính'!$C$182:$V$226,$CD$17,$BJ$16)) | Z40: =IF(OR($I40="",$Z$26=""),"",INDEX('Tính'!$C$182:$V$226,$CD$18,$BJ$16)) | AA40: =IF(OR($I40="",$AA$26=""),"",INDEX('Tính'!$C$182:$V$226,$CD$19,$BJ$16)) | AB40: =IF(OR($I40="",$AB$26=""),"",INDEX('Tính'!$C$182:$V$226,$CD$20,$BJ$16)) | AC40: =IF(OR($I40="",$AC$26=""),"",INDEX('Tính'!$C$182:$V$226,$CD$21,$BJ$16)) | AD40: =IF(OR($I40="",$AD$26=""),"",INDEX('Tính'!$C$182:$V$226,$CD$22,$BJ$16)) | CA40: 38 | CB40: =IF('Tính'!B76="",0,IF(OR($AZ$1=0,'Tính'!D76=$AZ$1),1,0)) | CC40: =IF(CB40=1,'Tính'!M76+1+(45-38)/1000000,-1) | CD40: =IF(LARGE($CC$3:$CC$47,38)<0,"",MATCH(LARGE($CC$3:$CC$47,38),$CC$3:$CC$47,0))
I41: =A24 | J41: =IF($I41="","",F24) | K41: =IF(OR($I41="",$K$26=""),"",INDEX('Tính'!$C$182:$V$226,$CD$3,$BJ$17)) | L41: =IF(OR($I41="",$L$26=""),"",INDEX('Tính'!$C$182:$V$226,$CD$4,$BJ$17)) | M41: =IF(OR($I41="",$M$26=""),"",INDEX('Tính'!$C$182:$V$226,$CD$5,$BJ$17)) | N41: =IF(OR($I41="",$N$26=""),"",INDEX('Tính'!$C$182:$V$226,$CD$6,$BJ$17)) | O41: =IF(OR($I41="",$O$26=""),"",INDEX('Tính'!$C$182:$V$226,$CD$7,$BJ$17)) | P41: =IF(OR($I41="",$P$26=""),"",INDEX('Tính'!$C$182:$V$226,$CD$8,$BJ$17)) | Q41: =IF(OR($I41="",$Q$26=""),"",INDEX('Tính'!$C$182:$V$226,$CD$9,$BJ$17)) | R41: =IF(OR($I41="",$R$26=""),"",INDEX('Tính'!$C$182:$V$226,$CD$10,$BJ$17)) | S41: =IF(OR($I41="",$S$26=""),"",INDEX('Tính'!$C$182:$V$226,$CD$11,$BJ$17)) | T41: =IF(OR($I41="",$T$26=""),"",INDEX('Tính'!$C$182:$V$226,$CD$12,$BJ$17)) | U41: =IF(OR($I41="",$U$26=""),"",INDEX('Tính'!$C$182:$V$226,$CD$13,$BJ$17)) | V41: =IF(OR($I41="",$V$26=""),"",INDEX('Tính'!$C$182:$V$226,$CD$14,$BJ$17)) | W41: =IF(OR($I41="",$W$26=""),"",INDEX('Tính'!$C$182:$V$226,$CD$15,$BJ$17)) | X41: =IF(OR($I41="",$X$26=""),"",INDEX('Tính'!$C$182:$V$226,$CD$16,$BJ$17)) | Y41: =IF(OR($I41="",$Y$26=""),"",INDEX('Tính'!$C$182:$V$226,$CD$17,$BJ$17)) | Z41: =IF(OR($I41="",$Z$26=""),"",INDEX('Tính'!$C$182:$V$226,$CD$18,$BJ$17)) | AA41: =IF(OR($I41="",$AA$26=""),"",INDEX('Tính'!$C$182:$V$226,$CD$19,$BJ$17)) | AB41: =IF(OR($I41="",$AB$26=""),"",INDEX('Tính'!$C$182:$V$226,$CD$20,$BJ$17)) | AC41: =IF(OR($I41="",$AC$26=""),"",INDEX('Tính'!$C$182:$V$226,$CD$21,$BJ$17)) | AD41: =IF(OR($I41="",$AD$26=""),"",INDEX('Tính'!$C$182:$V$226,$CD$22,$BJ$17)) | CA41: 39 | CB41: =IF('Tính'!B77="",0,IF(OR($AZ$1=0,'Tính'!D77=$AZ$1),1,0)) | CC41: =IF(CB41=1,'Tính'!M77+1+(45-39)/1000000,-1) | CD41: =IF(LARGE($CC$3:$CC$47,39)<0,"",MATCH(LARGE($CC$3:$CC$47,39),$CC$3:$CC$47,0))
I42: =A25 | J42: =IF($I42="","",F25) | K42: =IF(OR($I42="",$K$26=""),"",INDEX('Tính'!$C$182:$V$226,$CD$3,$BJ$18)) | L42: =IF(OR($I42="",$L$26=""),"",INDEX('Tính'!$C$182:$V$226,$CD$4,$BJ$18)) | M42: =IF(OR($I42="",$M$26=""),"",INDEX('Tính'!$C$182:$V$226,$CD$5,$BJ$18)) | N42: =IF(OR($I42="",$N$26=""),"",INDEX('Tính'!$C$182:$V$226,$CD$6,$BJ$18)) | O42: =IF(OR($I42="",$O$26=""),"",INDEX('Tính'!$C$182:$V$226,$CD$7,$BJ$18)) | P42: =IF(OR($I42="",$P$26=""),"",INDEX('Tính'!$C$182:$V$226,$CD$8,$BJ$18)) | Q42: =IF(OR($I42="",$Q$26=""),"",INDEX('Tính'!$C$182:$V$226,$CD$9,$BJ$18)) | R42: =IF(OR($I42="",$R$26=""),"",INDEX('Tính'!$C$182:$V$226,$CD$10,$BJ$18)) | S42: =IF(OR($I42="",$S$26=""),"",INDEX('Tính'!$C$182:$V$226,$CD$11,$BJ$18)) | T42: =IF(OR($I42="",$T$26=""),"",INDEX('Tính'!$C$182:$V$226,$CD$12,$BJ$18)) | U42: =IF(OR($I42="",$U$26=""),"",INDEX('Tính'!$C$182:$V$226,$CD$13,$BJ$18)) | V42: =IF(OR($I42="",$V$26=""),"",INDEX('Tính'!$C$182:$V$226,$CD$14,$BJ$18)) | W42: =IF(OR($I42="",$W$26=""),"",INDEX('Tính'!$C$182:$V$226,$CD$15,$BJ$18)) | X42: =IF(OR($I42="",$X$26=""),"",INDEX('Tính'!$C$182:$V$226,$CD$16,$BJ$18)) | Y42: =IF(OR($I42="",$Y$26=""),"",INDEX('Tính'!$C$182:$V$226,$CD$17,$BJ$18)) | Z42: =IF(OR($I42="",$Z$26=""),"",INDEX('Tính'!$C$182:$V$226,$CD$18,$BJ$18)) | AA42: =IF(OR($I42="",$AA$26=""),"",INDEX('Tính'!$C$182:$V$226,$CD$19,$BJ$18)) | AB42: =IF(OR($I42="",$AB$26=""),"",INDEX('Tính'!$C$182:$V$226,$CD$20,$BJ$18)) | AC42: =IF(OR($I42="",$AC$26=""),"",INDEX('Tính'!$C$182:$V$226,$CD$21,$BJ$18)) | AD42: =IF(OR($I42="",$AD$26=""),"",INDEX('Tính'!$C$182:$V$226,$CD$22,$BJ$18)) | CA42: 40 | CB42: =IF('Tính'!B78="",0,IF(OR($AZ$1=0,'Tính'!D78=$AZ$1),1,0)) | CC42: =IF(CB42=1,'Tính'!M78+1+(45-40)/1000000,-1) | CD42: =IF(LARGE($CC$3:$CC$47,40)<0,"",MATCH(LARGE($CC$3:$CC$47,40),$CC$3:$CC$47,0))
I43: =A26 | J43: =IF($I43="","",F26) | K43: =IF(OR($I43="",$K$26=""),"",INDEX('Tính'!$C$182:$V$226,$CD$3,$BJ$19)) | L43: =IF(OR($I43="",$L$26=""),"",INDEX('Tính'!$C$182:$V$226,$CD$4,$BJ$19)) | M43: =IF(OR($I43="",$M$26=""),"",INDEX('Tính'!$C$182:$V$226,$CD$5,$BJ$19)) | N43: =IF(OR($I43="",$N$26=""),"",INDEX('Tính'!$C$182:$V$226,$CD$6,$BJ$19)) | O43: =IF(OR($I43="",$O$26=""),"",INDEX('Tính'!$C$182:$V$226,$CD$7,$BJ$19)) | P43: =IF(OR($I43="",$P$26=""),"",INDEX('Tính'!$C$182:$V$226,$CD$8,$BJ$19)) | Q43: =IF(OR($I43="",$Q$26=""),"",INDEX('Tính'!$C$182:$V$226,$CD$9,$BJ$19)) | R43: =IF(OR($I43="",$R$26=""),"",INDEX('Tính'!$C$182:$V$226,$CD$10,$BJ$19)) | S43: =IF(OR($I43="",$S$26=""),"",INDEX('Tính'!$C$182:$V$226,$CD$11,$BJ$19)) | T43: =IF(OR($I43="",$T$26=""),"",INDEX('Tính'!$C$182:$V$226,$CD$12,$BJ$19)) | U43: =IF(OR($I43="",$U$26=""),"",INDEX('Tính'!$C$182:$V$226,$CD$13,$BJ$19)) | V43: =IF(OR($I43="",$V$26=""),"",INDEX('Tính'!$C$182:$V$226,$CD$14,$BJ$19)) | W43: =IF(OR($I43="",$W$26=""),"",INDEX('Tính'!$C$182:$V$226,$CD$15,$BJ$19)) | X43: =IF(OR($I43="",$X$26=""),"",INDEX('Tính'!$C$182:$V$226,$CD$16,$BJ$19)) | Y43: =IF(OR($I43="",$Y$26=""),"",INDEX('Tính'!$C$182:$V$226,$CD$17,$BJ$19)) | Z43: =IF(OR($I43="",$Z$26=""),"",INDEX('Tính'!$C$182:$V$226,$CD$18,$BJ$19)) | AA43: =IF(OR($I43="",$AA$26=""),"",INDEX('Tính'!$C$182:$V$226,$CD$19,$BJ$19)) | AB43: =IF(OR($I43="",$AB$26=""),"",INDEX('Tính'!$C$182:$V$226,$CD$20,$BJ$19)) | AC43: =IF(OR($I43="",$AC$26=""),"",INDEX('Tính'!$C$182:$V$226,$CD$21,$BJ$19)) | AD43: =IF(OR($I43="",$AD$26=""),"",INDEX('Tính'!$C$182:$V$226,$CD$22,$BJ$19)) | CA43: 41 | CB43: =IF('Tính'!B79="",0,IF(OR($AZ$1=0,'Tính'!D79=$AZ$1),1,0)) | CC43: =IF(CB43=1,'Tính'!M79+1+(45-41)/1000000,-1) | CD43: =IF(LARGE($CC$3:$CC$47,41)<0,"",MATCH(LARGE($CC$3:$CC$47,41),$CC$3:$CC$47,0))
I44: =A27 | J44: =IF($I44="","",F27) | K44: =IF(OR($I44="",$K$26=""),"",INDEX('Tính'!$C$182:$V$226,$CD$3,$BJ$20)) | L44: =IF(OR($I44="",$L$26=""),"",INDEX('Tính'!$C$182:$V$226,$CD$4,$BJ$20)) | M44: =IF(OR($I44="",$M$26=""),"",INDEX('Tính'!$C$182:$V$226,$CD$5,$BJ$20)) | N44: =IF(OR($I44="",$N$26=""),"",INDEX('Tính'!$C$182:$V$226,$CD$6,$BJ$20)) | O44: =IF(OR($I44="",$O$26=""),"",INDEX('Tính'!$C$182:$V$226,$CD$7,$BJ$20)) | P44: =IF(OR($I44="",$P$26=""),"",INDEX('Tính'!$C$182:$V$226,$CD$8,$BJ$20)) | Q44: =IF(OR($I44="",$Q$26=""),"",INDEX('Tính'!$C$182:$V$226,$CD$9,$BJ$20)) | R44: =IF(OR($I44="",$R$26=""),"",INDEX('Tính'!$C$182:$V$226,$CD$10,$BJ$20)) | S44: =IF(OR($I44="",$S$26=""),"",INDEX('Tính'!$C$182:$V$226,$CD$11,$BJ$20)) | T44: =IF(OR($I44="",$T$26=""),"",INDEX('Tính'!$C$182:$V$226,$CD$12,$BJ$20)) | U44: =IF(OR($I44="",$U$26=""),"",INDEX('Tính'!$C$182:$V$226,$CD$13,$BJ$20)) | V44: =IF(OR($I44="",$V$26=""),"",INDEX('Tính'!$C$182:$V$226,$CD$14,$BJ$20)) | W44: =IF(OR($I44="",$W$26=""),"",INDEX('Tính'!$C$182:$V$226,$CD$15,$BJ$20)) | X44: =IF(OR($I44="",$X$26=""),"",INDEX('Tính'!$C$182:$V$226,$CD$16,$BJ$20)) | Y44: =IF(OR($I44="",$Y$26=""),"",INDEX('Tính'!$C$182:$V$226,$CD$17,$BJ$20)) | Z44: =IF(OR($I44="",$Z$26=""),"",INDEX('Tính'!$C$182:$V$226,$CD$18,$BJ$20)) | AA44: =IF(OR($I44="",$AA$26=""),"",INDEX('Tính'!$C$182:$V$226,$CD$19,$BJ$20)) | AB44: =IF(OR($I44="",$AB$26=""),"",INDEX('Tính'!$C$182:$V$226,$CD$20,$BJ$20)) | AC44: =IF(OR($I44="",$AC$26=""),"",INDEX('Tính'!$C$182:$V$226,$CD$21,$BJ$20)) | AD44: =IF(OR($I44="",$AD$26=""),"",INDEX('Tính'!$C$182:$V$226,$CD$22,$BJ$20)) | CA44: 42 | CB44: =IF('Tính'!B80="",0,IF(OR($AZ$1=0,'Tính'!D80=$AZ$1),1,0)) | CC44: =IF(CB44=1,'Tính'!M80+1+(45-42)/1000000,-1) | CD44: =IF(LARGE($CC$3:$CC$47,42)<0,"",MATCH(LARGE($CC$3:$CC$47,42),$CC$3:$CC$47,0))
I45: =A28 | J45: =IF($I45="","",F28) | K45: =IF(OR($I45="",$K$26=""),"",INDEX('Tính'!$C$182:$V$226,$CD$3,$BJ$21)) | L45: =IF(OR($I45="",$L$26=""),"",INDEX('Tính'!$C$182:$V$226,$CD$4,$BJ$21)) | M45: =IF(OR($I45="",$M$26=""),"",INDEX('Tính'!$C$182:$V$226,$CD$5,$BJ$21)) | N45: =IF(OR($I45="",$N$26=""),"",INDEX('Tính'!$C$182:$V$226,$CD$6,$BJ$21)) | O45: =IF(OR($I45="",$O$26=""),"",INDEX('Tính'!$C$182:$V$226,$CD$7,$BJ$21)) | P45: =IF(OR($I45="",$P$26=""),"",INDEX('Tính'!$C$182:$V$226,$CD$8,$BJ$21)) | Q45: =IF(OR($I45="",$Q$26=""),"",INDEX('Tính'!$C$182:$V$226,$CD$9,$BJ$21)) | R45: =IF(OR($I45="",$R$26=""),"",INDEX('Tính'!$C$182:$V$226,$CD$10,$BJ$21)) | S45: =IF(OR($I45="",$S$26=""),"",INDEX('Tính'!$C$182:$V$226,$CD$11,$BJ$21)) | T45: =IF(OR($I45="",$T$26=""),"",INDEX('Tính'!$C$182:$V$226,$CD$12,$BJ$21)) | U45: =IF(OR($I45="",$U$26=""),"",INDEX('Tính'!$C$182:$V$226,$CD$13,$BJ$21)) | V45: =IF(OR($I45="",$V$26=""),"",INDEX('Tính'!$C$182:$V$226,$CD$14,$BJ$21)) | W45: =IF(OR($I45="",$W$26=""),"",INDEX('Tính'!$C$182:$V$226,$CD$15,$BJ$21)) | X45: =IF(OR($I45="",$X$26=""),"",INDEX('Tính'!$C$182:$V$226,$CD$16,$BJ$21)) | Y45: =IF(OR($I45="",$Y$26=""),"",INDEX('Tính'!$C$182:$V$226,$CD$17,$BJ$21)) | Z45: =IF(OR($I45="",$Z$26=""),"",INDEX('Tính'!$C$182:$V$226,$CD$18,$BJ$21)) | AA45: =IF(OR($I45="",$AA$26=""),"",INDEX('Tính'!$C$182:$V$226,$CD$19,$BJ$21)) | AB45: =IF(OR($I45="",$AB$26=""),"",INDEX('Tính'!$C$182:$V$226,$CD$20,$BJ$21)) | AC45: =IF(OR($I45="",$AC$26=""),"",INDEX('Tính'!$C$182:$V$226,$CD$21,$BJ$21)) | AD45: =IF(OR($I45="",$AD$26=""),"",INDEX('Tính'!$C$182:$V$226,$CD$22,$BJ$21)) | CA45: 43 | CB45: =IF('Tính'!B81="",0,IF(OR($AZ$1=0,'Tính'!D81=$AZ$1),1,0)) | CC45: =IF(CB45=1,'Tính'!M81+1+(45-43)/1000000,-1) | CD45: =IF(LARGE($CC$3:$CC$47,43)<0,"",MATCH(LARGE($CC$3:$CC$47,43),$CC$3:$CC$47,0))
I46: =A29 | J46: =IF($I46="","",F29) | K46: =IF(OR($I46="",$K$26=""),"",INDEX('Tính'!$C$182:$V$226,$CD$3,$BJ$22)) | L46: =IF(OR($I46="",$L$26=""),"",INDEX('Tính'!$C$182:$V$226,$CD$4,$BJ$22)) | M46: =IF(OR($I46="",$M$26=""),"",INDEX('Tính'!$C$182:$V$226,$CD$5,$BJ$22)) | N46: =IF(OR($I46="",$N$26=""),"",INDEX('Tính'!$C$182:$V$226,$CD$6,$BJ$22)) | O46: =IF(OR($I46="",$O$26=""),"",INDEX('Tính'!$C$182:$V$226,$CD$7,$BJ$22)) | P46: =IF(OR($I46="",$P$26=""),"",INDEX('Tính'!$C$182:$V$226,$CD$8,$BJ$22)) | Q46: =IF(OR($I46="",$Q$26=""),"",INDEX('Tính'!$C$182:$V$226,$CD$9,$BJ$22)) | R46: =IF(OR($I46="",$R$26=""),"",INDEX('Tính'!$C$182:$V$226,$CD$10,$BJ$22)) | S46: =IF(OR($I46="",$S$26=""),"",INDEX('Tính'!$C$182:$V$226,$CD$11,$BJ$22)) | T46: =IF(OR($I46="",$T$26=""),"",INDEX('Tính'!$C$182:$V$226,$CD$12,$BJ$22)) | U46: =IF(OR($I46="",$U$26=""),"",INDEX('Tính'!$C$182:$V$226,$CD$13,$BJ$22)) | V46: =IF(OR($I46="",$V$26=""),"",INDEX('Tính'!$C$182:$V$226,$CD$14,$BJ$22)) | W46: =IF(OR($I46="",$W$26=""),"",INDEX('Tính'!$C$182:$V$226,$CD$15,$BJ$22)) | X46: =IF(OR($I46="",$X$26=""),"",INDEX('Tính'!$C$182:$V$226,$CD$16,$BJ$22)) | Y46: =IF(OR($I46="",$Y$26=""),"",INDEX('Tính'!$C$182:$V$226,$CD$17,$BJ$22)) | Z46: =IF(OR($I46="",$Z$26=""),"",INDEX('Tính'!$C$182:$V$226,$CD$18,$BJ$22)) | AA46: =IF(OR($I46="",$AA$26=""),"",INDEX('Tính'!$C$182:$V$226,$CD$19,$BJ$22)) | AB46: =IF(OR($I46="",$AB$26=""),"",INDEX('Tính'!$C$182:$V$226,$CD$20,$BJ$22)) | AC46: =IF(OR($I46="",$AC$26=""),"",INDEX('Tính'!$C$182:$V$226,$CD$21,$BJ$22)) | AD46: =IF(OR($I46="",$AD$26=""),"",INDEX('Tính'!$C$182:$V$226,$CD$22,$BJ$22)) | CA46: 44 | CB46: =IF('Tính'!B82="",0,IF(OR($AZ$1=0,'Tính'!D82=$AZ$1),1,0)) | CC46: =IF(CB46=1,'Tính'!M82+1+(45-44)/1000000,-1) | CD46: =IF(LARGE($CC$3:$CC$47,44)<0,"",MATCH(LARGE($CC$3:$CC$47,44),$CC$3:$CC$47,0))
I47: Số nhóm đạt | J47: =IF(J26="","",COUNTIF(J27:J46,">=0.995")&"/"&COUNTIF($BA$3:$BA$22,"?*")) | K47: =IF(K26="","",COUNTIF(K27:K46,">=0.995")&"/"&COUNTIF($BA$3:$BA$22,"?*")) | L47: =IF(L26="","",COUNTIF(L27:L46,">=0.995")&"/"&COUNTIF($BA$3:$BA$22,"?*")) | M47: =IF(M26="","",COUNTIF(M27:M46,">=0.995")&"/"&COUNTIF($BA$3:$BA$22,"?*")) | N47: =IF(N26="","",COUNTIF(N27:N46,">=0.995")&"/"&COUNTIF($BA$3:$BA$22,"?*")) | O47: =IF(O26="","",COUNTIF(O27:O46,">=0.995")&"/"&COUNTIF($BA$3:$BA$22,"?*")) | P47: =IF(P26="","",COUNTIF(P27:P46,">=0.995")&"/"&COUNTIF($BA$3:$BA$22,"?*")) | Q47: =IF(Q26="","",COUNTIF(Q27:Q46,">=0.995")&"/"&COUNTIF($BA$3:$BA$22,"?*")) | ... AD47: =IF(AD26="","",COUNTIF(AD27:AD46,">=0.995")&"/"&COUNTIF($BA$3:$BA$22,"?*")) | CA47: 45 | CB47: =IF('Tính'!B83="",0,IF(OR($AZ$1=0,'Tính'!D83=$AZ$1),1,0)) | CC47: =IF(CB47=1,'Tính'!M83+1+(45-45)/1000000,-1) | CD47: =IF(LARGE($CC$3:$CC$47,45)<0,"",MATCH(LARGE($CC$3:$CC$47,45),$CC$3:$CC$47,0))
A49: Tiền: triệu · Dự kiến = lũy kế ÷ ngày đã qua × số ngày ÷ target · nhóm đạt khi Dự kiến ≥ 100% · target NV chia theo % phân bổ ở Khai báo

Sheet Chi tiết NV
A1: ="CHI TIẾT NHÂN VIÊN — "&'Khai báo'!B3&" · số đến hết "&TEXT(NgayQua,"00")&"/"&'Khai báo'!B4 | AZ1: =IFERROR(MATCH($B$2,'Tính'!$B$31:$B$34,0),0)
A2: Xem: | B2: Tổng cụm | F2: ◀ bấm ô vàng để chọn Tổng cụm hoặc từng siêu thị | BA2: Nhóm (view) | BJ2: Thứ tự
BA3: ='Tính'!B3 | BB3: ='Tính'!D3 | BC3: =IF($AZ$1=0,'Tính'!$Z$3,CHOOSE($AZ$1,'Tính'!$G$3,'Tính'!$L$3,'Tính'!$Q$3,'Tính'!$V$3)) | BD3: =IF($AZ$1=0,'Tính'!$Y$3,CHOOSE($AZ$1,'Tính'!$E$3,'Tính'!$J$3,'Tính'!$O$3,'Tính'!$T$3)) | BE3: =IF($AZ$1=0,'Tính'!$AB$3,CHOOSE($AZ$1,'Tính'!$I$3,'Tính'!$N$3,'Tính'!$S$3,'Tính'!$X$3)) | BF3: =IF($AZ$1=0,'Tính'!$AA$3,CHOOSE($AZ$1,'Tính'!$H$3,'Tính'!$M$3,'Tính'!$R$3,'Tính'!$W$3)) | BG3: =IF(BC3>0,BD3/NgayQua*SoNgay/BC3,IF(BD3>0,1,0)) | BH3: =IF(CoRTNhom=1,IF(BC3>0,(BD3+BF3)/(NgayQua+1)*SoNgay/BC3,IF(BD3+BF3>0,1,0)),BG3) | BI3: =IF(BA3="",-1,IF(BB3="Chính",1000,0)+BG3+(20-1)/100000) | BJ3: =IF(LARGE($BI$3:$BI$22,1)<0,"",MATCH(LARGE($BI$3:$BI$22,1),$BI$3:$BI$22,0)) | CA3: 1 | CB3: =IF('Tính'!B39="",0,IF(OR($AZ$1=0,'Tính'!D39=$AZ$1),1,0)) | CC3: =IF(CB3=1,'Tính'!M39+1+(45-1)/1000000,-1) | CD3: =IF(LARGE($CC$3:$CC$47,1)<0,"",MATCH(LARGE($CC$3:$CC$47,1),$CC$3:$CC$47,0))
A4: =IF($CD$3="","",1&". "&IF($CD$3="","",INDEX('Tính'!$F$39:$F$83,$CD$3))&" · "&IF($CD$3="","",INDEX('Tính'!$O$39:$O$83,$CD$3))) | F4: =IF($CD$4="","",2&". "&IF($CD$4="","",INDEX('Tính'!$F$39:$F$83,$CD$4))&" · "&IF($CD$4="","",INDEX('Tính'!$O$39:$O$83,$CD$4))) | K4: =IF($CD$5="","",3&". "&IF($CD$5="","",INDEX('Tính'!$F$39:$F$83,$CD$5))&" · "&IF($CD$5="","",INDEX('Tính'!$O$39:$O$83,$CD$5))) | P4: =IF($CD$6="","",4&". "&IF($CD$6="","",INDEX('Tính'!$F$39:$F$83,$CD$6))&" · "&IF($CD$6="","",INDEX('Tính'!$O$39:$O$83,$CD$6))) | BA4: ='Tính'!B4 | BB4: ='Tính'!D4 | BC4: =IF($AZ$1=0,'Tính'!$Z$4,CHOOSE($AZ$1,'Tính'!$G$4,'Tính'!$L$4,'Tính'!$Q$4,'Tính'!$V$4)) | BD4: =IF($AZ$1=0,'Tính'!$Y$4,CHOOSE($AZ$1,'Tính'!$E$4,'Tính'!$J$4,'Tính'!$O$4,'Tính'!$T$4)) | BE4: =IF($AZ$1=0,'Tính'!$AB$4,CHOOSE($AZ$1,'Tính'!$I$4,'Tính'!$N$4,'Tính'!$S$4,'Tính'!$X$4)) | BF4: =IF($AZ$1=0,'Tính'!$AA$4,CHOOSE($AZ$1,'Tính'!$H$4,'Tính'!$M$4,'Tính'!$R$4,'Tính'!$W$4)) | BG4: =IF(BC4>0,BD4/NgayQua*SoNgay/BC4,IF(BD4>0,1,0)) | BH4: =IF(CoRTNhom=1,IF(BC4>0,(BD4+BF4)/(NgayQua+1)*SoNgay/BC4,IF(BD4+BF4>0,1,0)),BG4) | BI4: =IF(BA4="",-1,IF(BB4="Chính",1000,0)+BG4+(20-2)/100000) | BJ4: =IF(LARGE($BI$3:$BI$22,2)<0,"",MATCH(LARGE($BI$3:$BI$22,2),$BI$3:$BI$22,0)) | CA4: 2 | CB4: =IF('Tính'!B40="",0,IF(OR($AZ$1=0,'Tính'!D40=$AZ$1),1,0)) | CC4: =IF(CB4=1,'Tính'!M40+1+(45-2)/1000000,-1) | CD4: =IF(LARGE($CC$3:$CC$47,2)<0,"",MATCH(LARGE($CC$3:$CC$47,2),$CC$3:$CC$47,0))
A5: =IF($CD$3="","","DỰ KIẾN") | B5: =IF($CD$3="","","% HT") | C5: =IF($CD$3="","","NH ĐẠT") | D5: =IF($CD$3="","","HẠNG") | F5: =IF($CD$4="","","DỰ KIẾN") | G5: =IF($CD$4="","","% HT") | H5: =IF($CD$4="","","NH ĐẠT") | I5: =IF($CD$4="","","HẠNG") | K5: =IF($CD$5="","","DỰ KIẾN") | L5: =IF($CD$5="","","% HT") | M5: =IF($CD$5="","","NH ĐẠT") | N5: =IF($CD$5="","","HẠNG") | P5: =IF($CD$6="","","DỰ KIẾN") | Q5: =IF($CD$6="","","% HT") | R5: =IF($CD$6="","","NH ĐẠT") | S5: =IF($CD$6="","","HẠNG") | BA5: ='Tính'!B5 | BB5: ='Tính'!D5 | BC5: =IF($AZ$1=0,'Tính'!$Z$5,CHOOSE($AZ$1,'Tính'!$G$5,'Tính'!$L$5,'Tính'!$Q$5,'Tính'!$V$5)) | BD5: =IF($AZ$1=0,'Tính'!$Y$5,CHOOSE($AZ$1,'Tính'!$E$5,'Tính'!$J$5,'Tính'!$O$5,'Tính'!$T$5)) | BE5: =IF($AZ$1=0,'Tính'!$AB$5,CHOOSE($AZ$1,'Tính'!$I$5,'Tính'!$N$5,'Tính'!$S$5,'Tính'!$X$5)) | BF5: =IF($AZ$1=0,'Tính'!$AA$5,CHOOSE($AZ$1,'Tính'!$H$5,'Tính'!$M$5,'Tính'!$R$5,'Tính'!$W$5)) | BG5: =IF(BC5>0,BD5/NgayQua*SoNgay/BC5,IF(BD5>0,1,0)) | BH5: =IF(CoRTNhom=1,IF(BC5>0,(BD5+BF5)/(NgayQua+1)*SoNgay/BC5,IF(BD5+BF5>0,1,0)),BG5) | BI5: =IF(BA5="",-1,IF(BB5="Chính",1000,0)+BG5+(20-3)/100000) | BJ5: =IF(LARGE($BI$3:$BI$22,3)<0,"",MATCH(LARGE($BI$3:$BI$22,3),$BI$3:$BI$22,0)) | CA5: 3 | CB5: =IF('Tính'!B41="",0,IF(OR($AZ$1=0,'Tính'!D41=$AZ$1),1,0)) | CC5: =IF(CB5=1,'Tính'!M41+1+(45-3)/1000000,-1) | CD5: =IF(LARGE($CC$3:$CC$47,3)<0,"",MATCH(LARGE($CC$3:$CC$47,3),$CC$3:$CC$47,0))
A6: =IF($CD$3="","",IF($CD$3="","",INDEX('Tính'!$M$39:$M$83,$CD$3))) | B6: =IF($CD$3="","",IF($CD$3="","",INDEX('Tính'!$N$39:$N$83,$CD$3))) | C6: =IF($CD$3="","",IF($CD$3="","",INDEX('Tính'!$P$39:$P$83,$CD$3))&"/"&COUNTIF($BA$3:$BA$22,"?*")) | D6: =IF($CD$3="","",1) | F6: =IF($CD$4="","",IF($CD$4="","",INDEX('Tính'!$M$39:$M$83,$CD$4))) | G6: =IF($CD$4="","",IF($CD$4="","",INDEX('Tính'!$N$39:$N$83,$CD$4))) | H6: =IF($CD$4="","",IF($CD$4="","",INDEX('Tính'!$P$39:$P$83,$CD$4))&"/"&COUNTIF($BA$3:$BA$22,"?*")) | I6: =IF($CD$4="","",2) | K6: =IF($CD$5="","",IF($CD$5="","",INDEX('Tính'!$M$39:$M$83,$CD$5))) | L6: =IF($CD$5="","",IF($CD$5="","",INDEX('Tính'!$N$39:$N$83,$CD$5))) | M6: =IF($CD$5="","",IF($CD$5="","",INDEX('Tính'!$P$39:$P$83,$CD$5))&"/"&COUNTIF($BA$3:$BA$22,"?*")) | N6: =IF($CD$5="","",3) | P6: =IF($CD$6="","",IF($CD$6="","",INDEX('Tính'!$M$39:$M$83,$CD$6))) | Q6: =IF($CD$6="","",IF($CD$6="","",INDEX('Tính'!$N$39:$N$83,$CD$6))) | R6: =IF($CD$6="","",IF($CD$6="","",INDEX('Tính'!$P$39:$P$83,$CD$6))&"/"&COUNTIF($BA$3:$BA$22,"?*")) | S6: =IF($CD$6="","",4) | BA6: ='Tính'!B6 | BB6: ='Tính'!D6 | BC6: =IF($AZ$1=0,'Tính'!$Z$6,CHOOSE($AZ$1,'Tính'!$G$6,'Tính'!$L$6,'Tính'!$Q$6,'Tính'!$V$6)) | BD6: =IF($AZ$1=0,'Tính'!$Y$6,CHOOSE($AZ$1,'Tính'!$E$6,'Tính'!$J$6,'Tính'!$O$6,'Tính'!$T$6)) | BE6: =IF($AZ$1=0,'Tính'!$AB$6,CHOOSE($AZ$1,'Tính'!$I$6,'Tính'!$N$6,'Tính'!$S$6,'Tính'!$X$6)) | BF6: =IF($AZ$1=0,'Tính'!$AA$6,CHOOSE($AZ$1,'Tính'!$H$6,'Tính'!$M$6,'Tính'!$R$6,'Tính'!$W$6)) | BG6: =IF(BC6>0,BD6/NgayQua*SoNgay/BC6,IF(BD6>0,1,0)) | BH6: =IF(CoRTNhom=1,IF(BC6>0,(BD6+BF6)/(NgayQua+1)*SoNgay/BC6,IF(BD6+BF6>0,1,0)),BG6) | BI6: =IF(BA6="",-1,IF(BB6="Chính",1000,0)+BG6+(20-4)/100000) | BJ6: =IF(LARGE($BI$3:$BI$22,4)<0,"",MATCH(LARGE($BI$3:$BI$22,4),$BI$3:$BI$22,0)) | CA6: 4 | CB6: =IF('Tính'!B42="",0,IF(OR($AZ$1=0,'Tính'!D42=$AZ$1),1,0)) | CC6: =IF(CB6=1,'Tính'!M42+1+(45-4)/1000000,-1) | CD6: =IF(LARGE($CC$3:$CC$47,4)<0,"",MATCH(LARGE($CC$3:$CC$47,4),$CC$3:$CC$47,0))
A7: =IF($CD$3="","","DT QĐ") | B7: =IF($CD$3="","","MỤC TIÊU") | C7: =IF($CD$3="","","HÔM NAY") | F7: =IF($CD$4="","","DT QĐ") | G7: =IF($CD$4="","","MỤC TIÊU") | H7: =IF($CD$4="","","HÔM NAY") | K7: =IF($CD$5="","","DT QĐ") | L7: =IF($CD$5="","","MỤC TIÊU") | M7: =IF($CD$5="","","HÔM NAY") | P7: =IF($CD$6="","","DT QĐ") | Q7: =IF($CD$6="","","MỤC TIÊU") | R7: =IF($CD$6="","","HÔM NAY") | BA7: ='Tính'!B7 | BB7: ='Tính'!D7 | BC7: =IF($AZ$1=0,'Tính'!$Z$7,CHOOSE($AZ$1,'Tính'!$G$7,'Tính'!$L$7,'Tính'!$Q$7,'Tính'!$V$7)) | BD7: =IF($AZ$1=0,'Tính'!$Y$7,CHOOSE($AZ$1,'Tính'!$E$7,'Tính'!$J$7,'Tính'!$O$7,'Tính'!$T$7)) | BE7: =IF($AZ$1=0,'Tính'!$AB$7,CHOOSE($AZ$1,'Tính'!$I$7,'Tính'!$N$7,'Tính'!$S$7,'Tính'!$X$7)) | BF7: =IF($AZ$1=0,'Tính'!$AA$7,CHOOSE($AZ$1,'Tính'!$H$7,'Tính'!$M$7,'Tính'!$R$7,'Tính'!$W$7)) | BG7: =IF(BC7>0,BD7/NgayQua*SoNgay/BC7,IF(BD7>0,1,0)) | BH7: =IF(CoRTNhom=1,IF(BC7>0,(BD7+BF7)/(NgayQua+1)*SoNgay/BC7,IF(BD7+BF7>0,1,0)),BG7) | BI7: =IF(BA7="",-1,IF(BB7="Chính",1000,0)+BG7+(20-5)/100000) | BJ7: =IF(LARGE($BI$3:$BI$22,5)<0,"",MATCH(LARGE($BI$3:$BI$22,5),$BI$3:$BI$22,0)) | CA7: 5 | CB7: =IF('Tính'!B43="",0,IF(OR($AZ$1=0,'Tính'!D43=$AZ$1),1,0)) | CC7: =IF(CB7=1,'Tính'!M43+1+(45-5)/1000000,-1) | CD7: =IF(LARGE($CC$3:$CC$47,5)<0,"",MATCH(LARGE($CC$3:$CC$47,5),$CC$3:$CC$47,0))
A8: =IF($CD$3="","",IF($CD$3="","",INDEX('Tính'!$K$39:$K$83,$CD$3))) | B8: =IF($CD$3="","",IF($CD$3="","",INDEX('Tính'!$J$39:$J$83,$CD$3))) | C8: =IF($CD$3="","",IF($CD$3="","",INDEX('Tính'!$L$39:$L$83,$CD$3))) | D8: =IF($CD$3="","","") | F8: =IF($CD$4="","",IF($CD$4="","",INDEX('Tính'!$K$39:$K$83,$CD$4))) | G8: =IF($CD$4="","",IF($CD$4="","",INDEX('Tính'!$J$39:$J$83,$CD$4))) | H8: =IF($CD$4="","",IF($CD$4="","",INDEX('Tính'!$L$39:$L$83,$CD$4))) | I8: =IF($CD$4="","","") | K8: =IF($CD$5="","",IF($CD$5="","",INDEX('Tính'!$K$39:$K$83,$CD$5))) | L8: =IF($CD$5="","",IF($CD$5="","",INDEX('Tính'!$J$39:$J$83,$CD$5))) | M8: =IF($CD$5="","",IF($CD$5="","",INDEX('Tính'!$L$39:$L$83,$CD$5))) | N8: =IF($CD$5="","","") | P8: =IF($CD$6="","",IF($CD$6="","",INDEX('Tính'!$K$39:$K$83,$CD$6))) | Q8: =IF($CD$6="","",IF($CD$6="","",INDEX('Tính'!$J$39:$J$83,$CD$6))) | R8: =IF($CD$6="","",IF($CD$6="","",INDEX('Tính'!$L$39:$L$83,$CD$6))) | S8: =IF($CD$6="","","") | BA8: ='Tính'!B8 | BB8: ='Tính'!D8 | BC8: =IF($AZ$1=0,'Tính'!$Z$8,CHOOSE($AZ$1,'Tính'!$G$8,'Tính'!$L$8,'Tính'!$Q$8,'Tính'!$V$8)) | BD8: =IF($AZ$1=0,'Tính'!$Y$8,CHOOSE($AZ$1,'Tính'!$E$8,'Tính'!$J$8,'Tính'!$O$8,'Tính'!$T$8)) | BE8: =IF($AZ$1=0,'Tính'!$AB$8,CHOOSE($AZ$1,'Tính'!$I$8,'Tính'!$N$8,'Tính'!$S$8,'Tính'!$X$8)) | BF8: =IF($AZ$1=0,'Tính'!$AA$8,CHOOSE($AZ$1,'Tính'!$H$8,'Tính'!$M$8,'Tính'!$R$8,'Tính'!$W$8)) | BG8: =IF(BC8>0,BD8/NgayQua*SoNgay/BC8,IF(BD8>0,1,0)) | BH8: =IF(CoRTNhom=1,IF(BC8>0,(BD8+BF8)/(NgayQua+1)*SoNgay/BC8,IF(BD8+BF8>0,1,0)),BG8) | BI8: =IF(BA8="",-1,IF(BB8="Chính",1000,0)+BG8+(20-6)/100000) | BJ8: =IF(LARGE($BI$3:$BI$22,6)<0,"",MATCH(LARGE($BI$3:$BI$22,6),$BI$3:$BI$22,0)) | CA8: 6 | CB8: =IF('Tính'!B44="",0,IF(OR($AZ$1=0,'Tính'!D44=$AZ$1),1,0)) | CC8: =IF(CB8=1,'Tính'!M44+1+(45-6)/1000000,-1) | CD8: =IF(LARGE($CC$3:$CC$47,6)<0,"",MATCH(LARGE($CC$3:$CC$47,6),$CC$3:$CC$47,0))
A9: =IF($CD$3="","","Nhóm hàng") | B9: =IF($CD$3="","","TH") | C9: =IF($CD$3="","","Target") | D9: =IF($CD$3="","","DK") | F9: =IF($CD$4="","","Nhóm hàng") | G9: =IF($CD$4="","","TH") | H9: =IF($CD$4="","","Target") | I9: =IF($CD$4="","","DK") | K9: =IF($CD$5="","","Nhóm hàng") | L9: =IF($CD$5="","","TH") | M9: =IF($CD$5="","","Target") | N9: =IF($CD$5="","","DK") | P9: =IF($CD$6="","","Nhóm hàng") | Q9: =IF($CD$6="","","TH") | R9: =IF($CD$6="","","Target") | S9: =IF($CD$6="","","DK") | BA9: ='Tính'!B9 | BB9: ='Tính'!D9 | BC9: =IF($AZ$1=0,'Tính'!$Z$9,CHOOSE($AZ$1,'Tính'!$G$9,'Tính'!$L$9,'Tính'!$Q$9,'Tính'!$V$9)) | BD9: =IF($AZ$1=0,'Tính'!$Y$9,CHOOSE($AZ$1,'Tính'!$E$9,'Tính'!$J$9,'Tính'!$O$9,'Tính'!$T$9)) | BE9: =IF($AZ$1=0,'Tính'!$AB$9,CHOOSE($AZ$1,'Tính'!$I$9,'Tính'!$N$9,'Tính'!$S$9,'Tính'!$X$9)) | BF9: =IF($AZ$1=0,'Tính'!$AA$9,CHOOSE($AZ$1,'Tính'!$H$9,'Tính'!$M$9,'Tính'!$R$9,'Tính'!$W$9)) | BG9: =IF(BC9>0,BD9/NgayQua*SoNgay/BC9,IF(BD9>0,1,0)) | BH9: =IF(CoRTNhom=1,IF(BC9>0,(BD9+BF9)/(NgayQua+1)*SoNgay/BC9,IF(BD9+BF9>0,1,0)),BG9) | BI9: =IF(BA9="",-1,IF(BB9="Chính",1000,0)+BG9+(20-7)/100000) | BJ9: =IF(LARGE($BI$3:$BI$22,7)<0,"",MATCH(LARGE($BI$3:$BI$22,7),$BI$3:$BI$22,0)) | CA9: 7 | CB9: =IF('Tính'!B45="",0,IF(OR($AZ$1=0,'Tính'!D45=$AZ$1),1,0)) | CC9: =IF(CB9=1,'Tính'!M45+1+(45-7)/1000000,-1) | CD9: =IF(LARGE($CC$3:$CC$47,7)<0,"",MATCH(LARGE($CC$3:$CC$47,7),$CC$3:$CC$47,0))
A10: =IF(OR($CD$3="",$BJ$3=""),"",INDEX($BA$3:$BA$22,$BJ$3)) | B10: =IF(A10="","",INDEX('Tính'!$C$86:$V$130,$CD$3,$BJ$3)) | C10: =IF(A10="","",INDEX('Tính'!$C$134:$V$178,$CD$3,$BJ$3)) | D10: =IF(A10="","",INDEX('Tính'!$C$182:$V$226,$CD$3,$BJ$3)) | F10: =IF(OR($CD$4="",$BJ$3=""),"",INDEX($BA$3:$BA$22,$BJ$3)) | G10: =IF(F10="","",INDEX('Tính'!$C$86:$V$130,$CD$4,$BJ$3)) | H10: =IF(F10="","",INDEX('Tính'!$C$134:$V$178,$CD$4,$BJ$3)) | I10: =IF(F10="","",INDEX('Tính'!$C$182:$V$226,$CD$4,$BJ$3)) | K10: =IF(OR($CD$5="",$BJ$3=""),"",INDEX($BA$3:$BA$22,$BJ$3)) | L10: =IF(K10="","",INDEX('Tính'!$C$86:$V$130,$CD$5,$BJ$3)) | M10: =IF(K10="","",INDEX('Tính'!$C$134:$V$178,$CD$5,$BJ$3)) | N10: =IF(K10="","",INDEX('Tính'!$C$182:$V$226,$CD$5,$BJ$3)) | P10: =IF(OR($CD$6="",$BJ$3=""),"",INDEX($BA$3:$BA$22,$BJ$3)) | Q10: =IF(P10="","",INDEX('Tính'!$C$86:$V$130,$CD$6,$BJ$3)) | R10: =IF(P10="","",INDEX('Tính'!$C$134:$V$178,$CD$6,$BJ$3)) | S10: =IF(P10="","",INDEX('Tính'!$C$182:$V$226,$CD$6,$BJ$3)) | BA10: ='Tính'!B10 | BB10: ='Tính'!D10 | BC10: =IF($AZ$1=0,'Tính'!$Z$10,CHOOSE($AZ$1,'Tính'!$G$10,'Tính'!$L$10,'Tính'!$Q$10,'Tính'!$V$10)) | BD10: =IF($AZ$1=0,'Tính'!$Y$10,CHOOSE($AZ$1,'Tính'!$E$10,'Tính'!$J$10,'Tính'!$O$10,'Tính'!$T$10)) | BE10: =IF($AZ$1=0,'Tính'!$AB$10,CHOOSE($AZ$1,'Tính'!$I$10,'Tính'!$N$10,'Tính'!$S$10,'Tính'!$X$10)) | BF10: =IF($AZ$1=0,'Tính'!$AA$10,CHOOSE($AZ$1,'Tính'!$H$10,'Tính'!$M$10,'Tính'!$R$10,'Tính'!$W$10)) | BG10: =IF(BC10>0,BD10/NgayQua*SoNgay/BC10,IF(BD10>0,1,0)) | BH10: =IF(CoRTNhom=1,IF(BC10>0,(BD10+BF10)/(NgayQua+1)*SoNgay/BC10,IF(BD10+BF10>0,1,0)),BG10) | BI10: =IF(BA10="",-1,IF(BB10="Chính",1000,0)+BG10+(20-8)/100000) | BJ10: =IF(LARGE($BI$3:$BI$22,8)<0,"",MATCH(LARGE($BI$3:$BI$22,8),$BI$3:$BI$22,0)) | CA10: 8 | CB10: =IF('Tính'!B46="",0,IF(OR($AZ$1=0,'Tính'!D46=$AZ$1),1,0)) | CC10: =IF(CB10=1,'Tính'!M46+1+(45-8)/1000000,-1) | CD10: =IF(LARGE($CC$3:$CC$47,8)<0,"",MATCH(LARGE($CC$3:$CC$47,8),$CC$3:$CC$47,0))
A11: =IF(OR($CD$3="",$BJ$4=""),"",INDEX($BA$3:$BA$22,$BJ$4)) | B11: =IF(A11="","",INDEX('Tính'!$C$86:$V$130,$CD$3,$BJ$4)) | C11: =IF(A11="","",INDEX('Tính'!$C$134:$V$178,$CD$3,$BJ$4)) | D11: =IF(A11="","",INDEX('Tính'!$C$182:$V$226,$CD$3,$BJ$4)) | F11: =IF(OR($CD$4="",$BJ$4=""),"",INDEX($BA$3:$BA$22,$BJ$4)) | G11: =IF(F11="","",INDEX('Tính'!$C$86:$V$130,$CD$4,$BJ$4)) | H11: =IF(F11="","",INDEX('Tính'!$C$134:$V$178,$CD$4,$BJ$4)) | I11: =IF(F11="","",INDEX('Tính'!$C$182:$V$226,$CD$4,$BJ$4)) | K11: =IF(OR($CD$5="",$BJ$4=""),"",INDEX($BA$3:$BA$22,$BJ$4)) | L11: =IF(K11="","",INDEX('Tính'!$C$86:$V$130,$CD$5,$BJ$4)) | M11: =IF(K11="","",INDEX('Tính'!$C$134:$V$178,$CD$5,$BJ$4)) | N11: =IF(K11="","",INDEX('Tính'!$C$182:$V$226,$CD$5,$BJ$4)) | P11: =IF(OR($CD$6="",$BJ$4=""),"",INDEX($BA$3:$BA$22,$BJ$4)) | Q11: =IF(P11="","",INDEX('Tính'!$C$86:$V$130,$CD$6,$BJ$4)) | R11: =IF(P11="","",INDEX('Tính'!$C$134:$V$178,$CD$6,$BJ$4)) | S11: =IF(P11="","",INDEX('Tính'!$C$182:$V$226,$CD$6,$BJ$4)) | BA11: ='Tính'!B11 | BB11: ='Tính'!D11 | BC11: =IF($AZ$1=0,'Tính'!$Z$11,CHOOSE($AZ$1,'Tính'!$G$11,'Tính'!$L$11,'Tính'!$Q$11,'Tính'!$V$11)) | BD11: =IF($AZ$1=0,'Tính'!$Y$11,CHOOSE($AZ$1,'Tính'!$E$11,'Tính'!$J$11,'Tính'!$O$11,'Tính'!$T$11)) | BE11: =IF($AZ$1=0,'Tính'!$AB$11,CHOOSE($AZ$1,'Tính'!$I$11,'Tính'!$N$11,'Tính'!$S$11,'Tính'!$X$11)) | BF11: =IF($AZ$1=0,'Tính'!$AA$11,CHOOSE($AZ$1,'Tính'!$H$11,'Tính'!$M$11,'Tính'!$R$11,'Tính'!$W$11)) | BG11: =IF(BC11>0,BD11/NgayQua*SoNgay/BC11,IF(BD11>0,1,0)) | BH11: =IF(CoRTNhom=1,IF(BC11>0,(BD11+BF11)/(NgayQua+1)*SoNgay/BC11,IF(BD11+BF11>0,1,0)),BG11) | BI11: =IF(BA11="",-1,IF(BB11="Chính",1000,0)+BG11+(20-9)/100000) | BJ11: =IF(LARGE($BI$3:$BI$22,9)<0,"",MATCH(LARGE($BI$3:$BI$22,9),$BI$3:$BI$22,0)) | CA11: 9 | CB11: =IF('Tính'!B47="",0,IF(OR($AZ$1=0,'Tính'!D47=$AZ$1),1,0)) | CC11: =IF(CB11=1,'Tính'!M47+1+(45-9)/1000000,-1) | CD11: =IF(LARGE($CC$3:$CC$47,9)<0,"",MATCH(LARGE($CC$3:$CC$47,9),$CC$3:$CC$47,0))
A12: =IF(OR($CD$3="",$BJ$5=""),"",INDEX($BA$3:$BA$22,$BJ$5)) | B12: =IF(A12="","",INDEX('Tính'!$C$86:$V$130,$CD$3,$BJ$5)) | C12: =IF(A12="","",INDEX('Tính'!$C$134:$V$178,$CD$3,$BJ$5)) | D12: =IF(A12="","",INDEX('Tính'!$C$182:$V$226,$CD$3,$BJ$5)) | F12: =IF(OR($CD$4="",$BJ$5=""),"",INDEX($BA$3:$BA$22,$BJ$5)) | G12: =IF(F12="","",INDEX('Tính'!$C$86:$V$130,$CD$4,$BJ$5)) | H12: =IF(F12="","",INDEX('Tính'!$C$134:$V$178,$CD$4,$BJ$5)) | I12: =IF(F12="","",INDEX('Tính'!$C$182:$V$226,$CD$4,$BJ$5)) | K12: =IF(OR($CD$5="",$BJ$5=""),"",INDEX($BA$3:$BA$22,$BJ$5)) | L12: =IF(K12="","",INDEX('Tính'!$C$86:$V$130,$CD$5,$BJ$5)) | M12: =IF(K12="","",INDEX('Tính'!$C$134:$V$178,$CD$5,$BJ$5)) | N12: =IF(K12="","",INDEX('Tính'!$C$182:$V$226,$CD$5,$BJ$5)) | P12: =IF(OR($CD$6="",$BJ$5=""),"",INDEX($BA$3:$BA$22,$BJ$5)) | Q12: =IF(P12="","",INDEX('Tính'!$C$86:$V$130,$CD$6,$BJ$5)) | R12: =IF(P12="","",INDEX('Tính'!$C$134:$V$178,$CD$6,$BJ$5)) | S12: =IF(P12="","",INDEX('Tính'!$C$182:$V$226,$CD$6,$BJ$5)) | BA12: ='Tính'!B12 | BB12: ='Tính'!D12 | BC12: =IF($AZ$1=0,'Tính'!$Z$12,CHOOSE($AZ$1,'Tính'!$G$12,'Tính'!$L$12,'Tính'!$Q$12,'Tính'!$V$12)) | BD12: =IF($AZ$1=0,'Tính'!$Y$12,CHOOSE($AZ$1,'Tính'!$E$12,'Tính'!$J$12,'Tính'!$O$12,'Tính'!$T$12)) | BE12: =IF($AZ$1=0,'Tính'!$AB$12,CHOOSE($AZ$1,'Tính'!$I$12,'Tính'!$N$12,'Tính'!$S$12,'Tính'!$X$12)) | BF12: =IF($AZ$1=0,'Tính'!$AA$12,CHOOSE($AZ$1,'Tính'!$H$12,'Tính'!$M$12,'Tính'!$R$12,'Tính'!$W$12)) | BG12: =IF(BC12>0,BD12/NgayQua*SoNgay/BC12,IF(BD12>0,1,0)) | BH12: =IF(CoRTNhom=1,IF(BC12>0,(BD12+BF12)/(NgayQua+1)*SoNgay/BC12,IF(BD12+BF12>0,1,0)),BG12) | BI12: =IF(BA12="",-1,IF(BB12="Chính",1000,0)+BG12+(20-10)/100000) | BJ12: =IF(LARGE($BI$3:$BI$22,10)<0,"",MATCH(LARGE($BI$3:$BI$22,10),$BI$3:$BI$22,0)) | CA12: 10 | CB12: =IF('Tính'!B48="",0,IF(OR($AZ$1=0,'Tính'!D48=$AZ$1),1,0)) | CC12: =IF(CB12=1,'Tính'!M48+1+(45-10)/1000000,-1) | CD12: =IF(LARGE($CC$3:$CC$47,10)<0,"",MATCH(LARGE($CC$3:$CC$47,10),$CC$3:$CC$47,0))
A13: =IF(OR($CD$3="",$BJ$6=""),"",INDEX($BA$3:$BA$22,$BJ$6)) | B13: =IF(A13="","",INDEX('Tính'!$C$86:$V$130,$CD$3,$BJ$6)) | C13: =IF(A13="","",INDEX('Tính'!$C$134:$V$178,$CD$3,$BJ$6)) | D13: =IF(A13="","",INDEX('Tính'!$C$182:$V$226,$CD$3,$BJ$6)) | F13: =IF(OR($CD$4="",$BJ$6=""),"",INDEX($BA$3:$BA$22,$BJ$6)) | G13: =IF(F13="","",INDEX('Tính'!$C$86:$V$130,$CD$4,$BJ$6)) | H13: =IF(F13="","",INDEX('Tính'!$C$134:$V$178,$CD$4,$BJ$6)) | I13: =IF(F13="","",INDEX('Tính'!$C$182:$V$226,$CD$4,$BJ$6)) | K13: =IF(OR($CD$5="",$BJ$6=""),"",INDEX($BA$3:$BA$22,$BJ$6)) | L13: =IF(K13="","",INDEX('Tính'!$C$86:$V$130,$CD$5,$BJ$6)) | M13: =IF(K13="","",INDEX('Tính'!$C$134:$V$178,$CD$5,$BJ$6)) | N13: =IF(K13="","",INDEX('Tính'!$C$182:$V$226,$CD$5,$BJ$6)) | P13: =IF(OR($CD$6="",$BJ$6=""),"",INDEX($BA$3:$BA$22,$BJ$6)) | Q13: =IF(P13="","",INDEX('Tính'!$C$86:$V$130,$CD$6,$BJ$6)) | R13: =IF(P13="","",INDEX('Tính'!$C$134:$V$178,$CD$6,$BJ$6)) | S13: =IF(P13="","",INDEX('Tính'!$C$182:$V$226,$CD$6,$BJ$6)) | BA13: ='Tính'!B13 | BB13: ='Tính'!D13 | BC13: =IF($AZ$1=0,'Tính'!$Z$13,CHOOSE($AZ$1,'Tính'!$G$13,'Tính'!$L$13,'Tính'!$Q$13,'Tính'!$V$13)) | BD13: =IF($AZ$1=0,'Tính'!$Y$13,CHOOSE($AZ$1,'Tính'!$E$13,'Tính'!$J$13,'Tính'!$O$13,'Tính'!$T$13)) | BE13: =IF($AZ$1=0,'Tính'!$AB$13,CHOOSE($AZ$1,'Tính'!$I$13,'Tính'!$N$13,'Tính'!$S$13,'Tính'!$X$13)) | BF13: =IF($AZ$1=0,'Tính'!$AA$13,CHOOSE($AZ$1,'Tính'!$H$13,'Tính'!$M$13,'Tính'!$R$13,'Tính'!$W$13)) | BG13: =IF(BC13>0,BD13/NgayQua*SoNgay/BC13,IF(BD13>0,1,0)) | BH13: =IF(CoRTNhom=1,IF(BC13>0,(BD13+BF13)/(NgayQua+1)*SoNgay/BC13,IF(BD13+BF13>0,1,0)),BG13) | BI13: =IF(BA13="",-1,IF(BB13="Chính",1000,0)+BG13+(20-11)/100000) | BJ13: =IF(LARGE($BI$3:$BI$22,11)<0,"",MATCH(LARGE($BI$3:$BI$22,11),$BI$3:$BI$22,0)) | CA13: 11 | CB13: =IF('Tính'!B49="",0,IF(OR($AZ$1=0,'Tính'!D49=$AZ$1),1,0)) | CC13: =IF(CB13=1,'Tính'!M49+1+(45-11)/1000000,-1) | CD13: =IF(LARGE($CC$3:$CC$47,11)<0,"",MATCH(LARGE($CC$3:$CC$47,11),$CC$3:$CC$47,0))
A14: =IF(OR($CD$3="",$BJ$7=""),"",INDEX($BA$3:$BA$22,$BJ$7)) | B14: =IF(A14="","",INDEX('Tính'!$C$86:$V$130,$CD$3,$BJ$7)) | C14: =IF(A14="","",INDEX('Tính'!$C$134:$V$178,$CD$3,$BJ$7)) | D14: =IF(A14="","",INDEX('Tính'!$C$182:$V$226,$CD$3,$BJ$7)) | F14: =IF(OR($CD$4="",$BJ$7=""),"",INDEX($BA$3:$BA$22,$BJ$7)) | G14: =IF(F14="","",INDEX('Tính'!$C$86:$V$130,$CD$4,$BJ$7)) | H14: =IF(F14="","",INDEX('Tính'!$C$134:$V$178,$CD$4,$BJ$7)) | I14: =IF(F14="","",INDEX('Tính'!$C$182:$V$226,$CD$4,$BJ$7)) | K14: =IF(OR($CD$5="",$BJ$7=""),"",INDEX($BA$3:$BA$22,$BJ$7)) | L14: =IF(K14="","",INDEX('Tính'!$C$86:$V$130,$CD$5,$BJ$7)) | M14: =IF(K14="","",INDEX('Tính'!$C$134:$V$178,$CD$5,$BJ$7)) | N14: =IF(K14="","",INDEX('Tính'!$C$182:$V$226,$CD$5,$BJ$7)) | P14: =IF(OR($CD$6="",$BJ$7=""),"",INDEX($BA$3:$BA$22,$BJ$7)) | Q14: =IF(P14="","",INDEX('Tính'!$C$86:$V$130,$CD$6,$BJ$7)) | R14: =IF(P14="","",INDEX('Tính'!$C$134:$V$178,$CD$6,$BJ$7)) | S14: =IF(P14="","",INDEX('Tính'!$C$182:$V$226,$CD$6,$BJ$7)) | BA14: ='Tính'!B14 | BB14: ='Tính'!D14 | BC14: =IF($AZ$1=0,'Tính'!$Z$14,CHOOSE($AZ$1,'Tính'!$G$14,'Tính'!$L$14,'Tính'!$Q$14,'Tính'!$V$14)) | BD14: =IF($AZ$1=0,'Tính'!$Y$14,CHOOSE($AZ$1,'Tính'!$E$14,'Tính'!$J$14,'Tính'!$O$14,'Tính'!$T$14)) | BE14: =IF($AZ$1=0,'Tính'!$AB$14,CHOOSE($AZ$1,'Tính'!$I$14,'Tính'!$N$14,'Tính'!$S$14,'Tính'!$X$14)) | BF14: =IF($AZ$1=0,'Tính'!$AA$14,CHOOSE($AZ$1,'Tính'!$H$14,'Tính'!$M$14,'Tính'!$R$14,'Tính'!$W$14)) | BG14: =IF(BC14>0,BD14/NgayQua*SoNgay/BC14,IF(BD14>0,1,0)) | BH14: =IF(CoRTNhom=1,IF(BC14>0,(BD14+BF14)/(NgayQua+1)*SoNgay/BC14,IF(BD14+BF14>0,1,0)),BG14) | BI14: =IF(BA14="",-1,IF(BB14="Chính",1000,0)+BG14+(20-12)/100000) | BJ14: =IF(LARGE($BI$3:$BI$22,12)<0,"",MATCH(LARGE($BI$3:$BI$22,12),$BI$3:$BI$22,0)) | CA14: 12 | CB14: =IF('Tính'!B50="",0,IF(OR($AZ$1=0,'Tính'!D50=$AZ$1),1,0)) | CC14: =IF(CB14=1,'Tính'!M50+1+(45-12)/1000000,-1) | CD14: =IF(LARGE($CC$3:$CC$47,12)<0,"",MATCH(LARGE($CC$3:$CC$47,12),$CC$3:$CC$47,0))
A15: =IF(OR($CD$3="",$BJ$8=""),"",INDEX($BA$3:$BA$22,$BJ$8)) | B15: =IF(A15="","",INDEX('Tính'!$C$86:$V$130,$CD$3,$BJ$8)) | C15: =IF(A15="","",INDEX('Tính'!$C$134:$V$178,$CD$3,$BJ$8)) | D15: =IF(A15="","",INDEX('Tính'!$C$182:$V$226,$CD$3,$BJ$8)) | F15: =IF(OR($CD$4="",$BJ$8=""),"",INDEX($BA$3:$BA$22,$BJ$8)) | G15: =IF(F15="","",INDEX('Tính'!$C$86:$V$130,$CD$4,$BJ$8)) | H15: =IF(F15="","",INDEX('Tính'!$C$134:$V$178,$CD$4,$BJ$8)) | I15: =IF(F15="","",INDEX('Tính'!$C$182:$V$226,$CD$4,$BJ$8)) | K15: =IF(OR($CD$5="",$BJ$8=""),"",INDEX($BA$3:$BA$22,$BJ$8)) | L15: =IF(K15="","",INDEX('Tính'!$C$86:$V$130,$CD$5,$BJ$8)) | M15: =IF(K15="","",INDEX('Tính'!$C$134:$V$178,$CD$5,$BJ$8)) | N15: =IF(K15="","",INDEX('Tính'!$C$182:$V$226,$CD$5,$BJ$8)) | P15: =IF(OR($CD$6="",$BJ$8=""),"",INDEX($BA$3:$BA$22,$BJ$8)) | Q15: =IF(P15="","",INDEX('Tính'!$C$86:$V$130,$CD$6,$BJ$8)) | R15: =IF(P15="","",INDEX('Tính'!$C$134:$V$178,$CD$6,$BJ$8)) | S15: =IF(P15="","",INDEX('Tính'!$C$182:$V$226,$CD$6,$BJ$8)) | BA15: ='Tính'!B15 | BB15: ='Tính'!D15 | BC15: =IF($AZ$1=0,'Tính'!$Z$15,CHOOSE($AZ$1,'Tính'!$G$15,'Tính'!$L$15,'Tính'!$Q$15,'Tính'!$V$15)) | BD15: =IF($AZ$1=0,'Tính'!$Y$15,CHOOSE($AZ$1,'Tính'!$E$15,'Tính'!$J$15,'Tính'!$O$15,'Tính'!$T$15)) | BE15: =IF($AZ$1=0,'Tính'!$AB$15,CHOOSE($AZ$1,'Tính'!$I$15,'Tính'!$N$15,'Tính'!$S$15,'Tính'!$X$15)) | BF15: =IF($AZ$1=0,'Tính'!$AA$15,CHOOSE($AZ$1,'Tính'!$H$15,'Tính'!$M$15,'Tính'!$R$15,'Tính'!$W$15)) | BG15: =IF(BC15>0,BD15/NgayQua*SoNgay/BC15,IF(BD15>0,1,0)) | BH15: =IF(CoRTNhom=1,IF(BC15>0,(BD15+BF15)/(NgayQua+1)*SoNgay/BC15,IF(BD15+BF15>0,1,0)),BG15) | BI15: =IF(BA15="",-1,IF(BB15="Chính",1000,0)+BG15+(20-13)/100000) | BJ15: =IF(LARGE($BI$3:$BI$22,13)<0,"",MATCH(LARGE($BI$3:$BI$22,13),$BI$3:$BI$22,0)) | CA15: 13 | CB15: =IF('Tính'!B51="",0,IF(OR($AZ$1=0,'Tính'!D51=$AZ$1),1,0)) | CC15: =IF(CB15=1,'Tính'!M51+1+(45-13)/1000000,-1) | CD15: =IF(LARGE($CC$3:$CC$47,13)<0,"",MATCH(LARGE($CC$3:$CC$47,13),$CC$3:$CC$47,0))
A16: =IF(OR($CD$3="",$BJ$9=""),"",INDEX($BA$3:$BA$22,$BJ$9)) | B16: =IF(A16="","",INDEX('Tính'!$C$86:$V$130,$CD$3,$BJ$9)) | C16: =IF(A16="","",INDEX('Tính'!$C$134:$V$178,$CD$3,$BJ$9)) | D16: =IF(A16="","",INDEX('Tính'!$C$182:$V$226,$CD$3,$BJ$9)) | F16: =IF(OR($CD$4="",$BJ$9=""),"",INDEX($BA$3:$BA$22,$BJ$9)) | G16: =IF(F16="","",INDEX('Tính'!$C$86:$V$130,$CD$4,$BJ$9)) | H16: =IF(F16="","",INDEX('Tính'!$C$134:$V$178,$CD$4,$BJ$9)) | I16: =IF(F16="","",INDEX('Tính'!$C$182:$V$226,$CD$4,$BJ$9)) | K16: =IF(OR($CD$5="",$BJ$9=""),"",INDEX($BA$3:$BA$22,$BJ$9)) | L16: =IF(K16="","",INDEX('Tính'!$C$86:$V$130,$CD$5,$BJ$9)) | M16: =IF(K16="","",INDEX('Tính'!$C$134:$V$178,$CD$5,$BJ$9)) | N16: =IF(K16="","",INDEX('Tính'!$C$182:$V$226,$CD$5,$BJ$9)) | P16: =IF(OR($CD$6="",$BJ$9=""),"",INDEX($BA$3:$BA$22,$BJ$9)) | Q16: =IF(P16="","",INDEX('Tính'!$C$86:$V$130,$CD$6,$BJ$9)) | R16: =IF(P16="","",INDEX('Tính'!$C$134:$V$178,$CD$6,$BJ$9)) | S16: =IF(P16="","",INDEX('Tính'!$C$182:$V$226,$CD$6,$BJ$9)) | BA16: ='Tính'!B16 | BB16: ='Tính'!D16 | BC16: =IF($AZ$1=0,'Tính'!$Z$16,CHOOSE($AZ$1,'Tính'!$G$16,'Tính'!$L$16,'Tính'!$Q$16,'Tính'!$V$16)) | BD16: =IF($AZ$1=0,'Tính'!$Y$16,CHOOSE($AZ$1,'Tính'!$E$16,'Tính'!$J$16,'Tính'!$O$16,'Tính'!$T$16)) | BE16: =IF($AZ$1=0,'Tính'!$AB$16,CHOOSE($AZ$1,'Tính'!$I$16,'Tính'!$N$16,'Tính'!$S$16,'Tính'!$X$16)) | BF16: =IF($AZ$1=0,'Tính'!$AA$16,CHOOSE($AZ$1,'Tính'!$H$16,'Tính'!$M$16,'Tính'!$R$16,'Tính'!$W$16)) | BG16: =IF(BC16>0,BD16/NgayQua*SoNgay/BC16,IF(BD16>0,1,0)) | BH16: =IF(CoRTNhom=1,IF(BC16>0,(BD16+BF16)/(NgayQua+1)*SoNgay/BC16,IF(BD16+BF16>0,1,0)),BG16) | BI16: =IF(BA16="",-1,IF(BB16="Chính",1000,0)+BG16+(20-14)/100000) | BJ16: =IF(LARGE($BI$3:$BI$22,14)<0,"",MATCH(LARGE($BI$3:$BI$22,14),$BI$3:$BI$22,0)) | CA16: 14 | CB16: =IF('Tính'!B52="",0,IF(OR($AZ$1=0,'Tính'!D52=$AZ$1),1,0)) | CC16: =IF(CB16=1,'Tính'!M52+1+(45-14)/1000000,-1) | CD16: =IF(LARGE($CC$3:$CC$47,14)<0,"",MATCH(LARGE($CC$3:$CC$47,14),$CC$3:$CC$47,0))
A17: =IF(OR($CD$3="",$BJ$10=""),"",INDEX($BA$3:$BA$22,$BJ$10)) | B17: =IF(A17="","",INDEX('Tính'!$C$86:$V$130,$CD$3,$BJ$10)) | C17: =IF(A17="","",INDEX('Tính'!$C$134:$V$178,$CD$3,$BJ$10)) | D17: =IF(A17="","",INDEX('Tính'!$C$182:$V$226,$CD$3,$BJ$10)) | F17: =IF(OR($CD$4="",$BJ$10=""),"",INDEX($BA$3:$BA$22,$BJ$10)) | G17: =IF(F17="","",INDEX('Tính'!$C$86:$V$130,$CD$4,$BJ$10)) | H17: =IF(F17="","",INDEX('Tính'!$C$134:$V$178,$CD$4,$BJ$10)) | I17: =IF(F17="","",INDEX('Tính'!$C$182:$V$226,$CD$4,$BJ$10)) | K17: =IF(OR($CD$5="",$BJ$10=""),"",INDEX($BA$3:$BA$22,$BJ$10)) | L17: =IF(K17="","",INDEX('Tính'!$C$86:$V$130,$CD$5,$BJ$10)) | M17: =IF(K17="","",INDEX('Tính'!$C$134:$V$178,$CD$5,$BJ$10)) | N17: =IF(K17="","",INDEX('Tính'!$C$182:$V$226,$CD$5,$BJ$10)) | P17: =IF(OR($CD$6="",$BJ$10=""),"",INDEX($BA$3:$BA$22,$BJ$10)) | Q17: =IF(P17="","",INDEX('Tính'!$C$86:$V$130,$CD$6,$BJ$10)) | R17: =IF(P17="","",INDEX('Tính'!$C$134:$V$178,$CD$6,$BJ$10)) | S17: =IF(P17="","",INDEX('Tính'!$C$182:$V$226,$CD$6,$BJ$10)) | BA17: ='Tính'!B17 | BB17: ='Tính'!D17 | BC17: =IF($AZ$1=0,'Tính'!$Z$17,CHOOSE($AZ$1,'Tính'!$G$17,'Tính'!$L$17,'Tính'!$Q$17,'Tính'!$V$17)) | BD17: =IF($AZ$1=0,'Tính'!$Y$17,CHOOSE($AZ$1,'Tính'!$E$17,'Tính'!$J$17,'Tính'!$O$17,'Tính'!$T$17)) | BE17: =IF($AZ$1=0,'Tính'!$AB$17,CHOOSE($AZ$1,'Tính'!$I$17,'Tính'!$N$17,'Tính'!$S$17,'Tính'!$X$17)) | BF17: =IF($AZ$1=0,'Tính'!$AA$17,CHOOSE($AZ$1,'Tính'!$H$17,'Tính'!$M$17,'Tính'!$R$17,'Tính'!$W$17)) | BG17: =IF(BC17>0,BD17/NgayQua*SoNgay/BC17,IF(BD17>0,1,0)) | BH17: =IF(CoRTNhom=1,IF(BC17>0,(BD17+BF17)/(NgayQua+1)*SoNgay/BC17,IF(BD17+BF17>0,1,0)),BG17) | BI17: =IF(BA17="",-1,IF(BB17="Chính",1000,0)+BG17+(20-15)/100000) | BJ17: =IF(LARGE($BI$3:$BI$22,15)<0,"",MATCH(LARGE($BI$3:$BI$22,15),$BI$3:$BI$22,0)) | CA17: 15 | CB17: =IF('Tính'!B53="",0,IF(OR($AZ$1=0,'Tính'!D53=$AZ$1),1,0)) | CC17: =IF(CB17=1,'Tính'!M53+1+(45-15)/1000000,-1) | CD17: =IF(LARGE($CC$3:$CC$47,15)<0,"",MATCH(LARGE($CC$3:$CC$47,15),$CC$3:$CC$47,0))
A18: =IF(OR($CD$3="",$BJ$11=""),"",INDEX($BA$3:$BA$22,$BJ$11)) | B18: =IF(A18="","",INDEX('Tính'!$C$86:$V$130,$CD$3,$BJ$11)) | C18: =IF(A18="","",INDEX('Tính'!$C$134:$V$178,$CD$3,$BJ$11)) | D18: =IF(A18="","",INDEX('Tính'!$C$182:$V$226,$CD$3,$BJ$11)) | F18: =IF(OR($CD$4="",$BJ$11=""),"",INDEX($BA$3:$BA$22,$BJ$11)) | G18: =IF(F18="","",INDEX('Tính'!$C$86:$V$130,$CD$4,$BJ$11)) | H18: =IF(F18="","",INDEX('Tính'!$C$134:$V$178,$CD$4,$BJ$11)) | I18: =IF(F18="","",INDEX('Tính'!$C$182:$V$226,$CD$4,$BJ$11)) | K18: =IF(OR($CD$5="",$BJ$11=""),"",INDEX($BA$3:$BA$22,$BJ$11)) | L18: =IF(K18="","",INDEX('Tính'!$C$86:$V$130,$CD$5,$BJ$11)) | M18: =IF(K18="","",INDEX('Tính'!$C$134:$V$178,$CD$5,$BJ$11)) | N18: =IF(K18="","",INDEX('Tính'!$C$182:$V$226,$CD$5,$BJ$11)) | P18: =IF(OR($CD$6="",$BJ$11=""),"",INDEX($BA$3:$BA$22,$BJ$11)) | Q18: =IF(P18="","",INDEX('Tính'!$C$86:$V$130,$CD$6,$BJ$11)) | R18: =IF(P18="","",INDEX('Tính'!$C$134:$V$178,$CD$6,$BJ$11)) | S18: =IF(P18="","",INDEX('Tính'!$C$182:$V$226,$CD$6,$BJ$11)) | BA18: ='Tính'!B18 | BB18: ='Tính'!D18 | BC18: =IF($AZ$1=0,'Tính'!$Z$18,CHOOSE($AZ$1,'Tính'!$G$18,'Tính'!$L$18,'Tính'!$Q$18,'Tính'!$V$18)) | BD18: =IF($AZ$1=0,'Tính'!$Y$18,CHOOSE($AZ$1,'Tính'!$E$18,'Tính'!$J$18,'Tính'!$O$18,'Tính'!$T$18)) | BE18: =IF($AZ$1=0,'Tính'!$AB$18,CHOOSE($AZ$1,'Tính'!$I$18,'Tính'!$N$18,'Tính'!$S$18,'Tính'!$X$18)) | BF18: =IF($AZ$1=0,'Tính'!$AA$18,CHOOSE($AZ$1,'Tính'!$H$18,'Tính'!$M$18,'Tính'!$R$18,'Tính'!$W$18)) | BG18: =IF(BC18>0,BD18/NgayQua*SoNgay/BC18,IF(BD18>0,1,0)) | BH18: =IF(CoRTNhom=1,IF(BC18>0,(BD18+BF18)/(NgayQua+1)*SoNgay/BC18,IF(BD18+BF18>0,1,0)),BG18) | BI18: =IF(BA18="",-1,IF(BB18="Chính",1000,0)+BG18+(20-16)/100000) | BJ18: =IF(LARGE($BI$3:$BI$22,16)<0,"",MATCH(LARGE($BI$3:$BI$22,16),$BI$3:$BI$22,0)) | CA18: 16 | CB18: =IF('Tính'!B54="",0,IF(OR($AZ$1=0,'Tính'!D54=$AZ$1),1,0)) | CC18: =IF(CB18=1,'Tính'!M54+1+(45-16)/1000000,-1) | CD18: =IF(LARGE($CC$3:$CC$47,16)<0,"",MATCH(LARGE($CC$3:$CC$47,16),$CC$3:$CC$47,0))
A19: =IF(OR($CD$3="",$BJ$12=""),"",INDEX($BA$3:$BA$22,$BJ$12)) | B19: =IF(A19="","",INDEX('Tính'!$C$86:$V$130,$CD$3,$BJ$12)) | C19: =IF(A19="","",INDEX('Tính'!$C$134:$V$178,$CD$3,$BJ$12)) | D19: =IF(A19="","",INDEX('Tính'!$C$182:$V$226,$CD$3,$BJ$12)) | F19: =IF(OR($CD$4="",$BJ$12=""),"",INDEX($BA$3:$BA$22,$BJ$12)) | G19: =IF(F19="","",INDEX('Tính'!$C$86:$V$130,$CD$4,$BJ$12)) | H19: =IF(F19="","",INDEX('Tính'!$C$134:$V$178,$CD$4,$BJ$12)) | I19: =IF(F19="","",INDEX('Tính'!$C$182:$V$226,$CD$4,$BJ$12)) | K19: =IF(OR($CD$5="",$BJ$12=""),"",INDEX($BA$3:$BA$22,$BJ$12)) | L19: =IF(K19="","",INDEX('Tính'!$C$86:$V$130,$CD$5,$BJ$12)) | M19: =IF(K19="","",INDEX('Tính'!$C$134:$V$178,$CD$5,$BJ$12)) | N19: =IF(K19="","",INDEX('Tính'!$C$182:$V$226,$CD$5,$BJ$12)) | P19: =IF(OR($CD$6="",$BJ$12=""),"",INDEX($BA$3:$BA$22,$BJ$12)) | Q19: =IF(P19="","",INDEX('Tính'!$C$86:$V$130,$CD$6,$BJ$12)) | R19: =IF(P19="","",INDEX('Tính'!$C$134:$V$178,$CD$6,$BJ$12)) | S19: =IF(P19="","",INDEX('Tính'!$C$182:$V$226,$CD$6,$BJ$12)) | BA19: ='Tính'!B19 | BB19: ='Tính'!D19 | BC19: =IF($AZ$1=0,'Tính'!$Z$19,CHOOSE($AZ$1,'Tính'!$G$19,'Tính'!$L$19,'Tính'!$Q$19,'Tính'!$V$19)) | BD19: =IF($AZ$1=0,'Tính'!$Y$19,CHOOSE($AZ$1,'Tính'!$E$19,'Tính'!$J$19,'Tính'!$O$19,'Tính'!$T$19)) | BE19: =IF($AZ$1=0,'Tính'!$AB$19,CHOOSE($AZ$1,'Tính'!$I$19,'Tính'!$N$19,'Tính'!$S$19,'Tính'!$X$19)) | BF19: =IF($AZ$1=0,'Tính'!$AA$19,CHOOSE($AZ$1,'Tính'!$H$19,'Tính'!$M$19,'Tính'!$R$19,'Tính'!$W$19)) | BG19: =IF(BC19>0,BD19/NgayQua*SoNgay/BC19,IF(BD19>0,1,0)) | BH19: =IF(CoRTNhom=1,IF(BC19>0,(BD19+BF19)/(NgayQua+1)*SoNgay/BC19,IF(BD19+BF19>0,1,0)),BG19) | BI19: =IF(BA19="",-1,IF(BB19="Chính",1000,0)+BG19+(20-17)/100000) | BJ19: =IF(LARGE($BI$3:$BI$22,17)<0,"",MATCH(LARGE($BI$3:$BI$22,17),$BI$3:$BI$22,0)) | CA19: 17 | CB19: =IF('Tính'!B55="",0,IF(OR($AZ$1=0,'Tính'!D55=$AZ$1),1,0)) | CC19: =IF(CB19=1,'Tính'!M55+1+(45-17)/1000000,-1) | CD19: =IF(LARGE($CC$3:$CC$47,17)<0,"",MATCH(LARGE($CC$3:$CC$47,17),$CC$3:$CC$47,0))
A20: =IF(OR($CD$3="",$BJ$13=""),"",INDEX($BA$3:$BA$22,$BJ$13)) | B20: =IF(A20="","",INDEX('Tính'!$C$86:$V$130,$CD$3,$BJ$13)) | C20: =IF(A20="","",INDEX('Tính'!$C$134:$V$178,$CD$3,$BJ$13)) | D20: =IF(A20="","",INDEX('Tính'!$C$182:$V$226,$CD$3,$BJ$13)) | F20: =IF(OR($CD$4="",$BJ$13=""),"",INDEX($BA$3:$BA$22,$BJ$13)) | G20: =IF(F20="","",INDEX('Tính'!$C$86:$V$130,$CD$4,$BJ$13)) | H20: =IF(F20="","",INDEX('Tính'!$C$134:$V$178,$CD$4,$BJ$13)) | I20: =IF(F20="","",INDEX('Tính'!$C$182:$V$226,$CD$4,$BJ$13)) | K20: =IF(OR($CD$5="",$BJ$13=""),"",INDEX($BA$3:$BA$22,$BJ$13)) | L20: =IF(K20="","",INDEX('Tính'!$C$86:$V$130,$CD$5,$BJ$13)) | M20: =IF(K20="","",INDEX('Tính'!$C$134:$V$178,$CD$5,$BJ$13)) | N20: =IF(K20="","",INDEX('Tính'!$C$182:$V$226,$CD$5,$BJ$13)) | P20: =IF(OR($CD$6="",$BJ$13=""),"",INDEX($BA$3:$BA$22,$BJ$13)) | Q20: =IF(P20="","",INDEX('Tính'!$C$86:$V$130,$CD$6,$BJ$13)) | R20: =IF(P20="","",INDEX('Tính'!$C$134:$V$178,$CD$6,$BJ$13)) | S20: =IF(P20="","",INDEX('Tính'!$C$182:$V$226,$CD$6,$BJ$13)) | BA20: ='Tính'!B20 | BB20: ='Tính'!D20 | BC20: =IF($AZ$1=0,'Tính'!$Z$20,CHOOSE($AZ$1,'Tính'!$G$20,'Tính'!$L$20,'Tính'!$Q$20,'Tính'!$V$20)) | BD20: =IF($AZ$1=0,'Tính'!$Y$20,CHOOSE($AZ$1,'Tính'!$E$20,'Tính'!$J$20,'Tính'!$O$20,'Tính'!$T$20)) | BE20: =IF($AZ$1=0,'Tính'!$AB$20,CHOOSE($AZ$1,'Tính'!$I$20,'Tính'!$N$20,'Tính'!$S$20,'Tính'!$X$20)) | BF20: =IF($AZ$1=0,'Tính'!$AA$20,CHOOSE($AZ$1,'Tính'!$H$20,'Tính'!$M$20,'Tính'!$R$20,'Tính'!$W$20)) | BG20: =IF(BC20>0,BD20/NgayQua*SoNgay/BC20,IF(BD20>0,1,0)) | BH20: =IF(CoRTNhom=1,IF(BC20>0,(BD20+BF20)/(NgayQua+1)*SoNgay/BC20,IF(BD20+BF20>0,1,0)),BG20) | BI20: =IF(BA20="",-1,IF(BB20="Chính",1000,0)+BG20+(20-18)/100000) | BJ20: =IF(LARGE($BI$3:$BI$22,18)<0,"",MATCH(LARGE($BI$3:$BI$22,18),$BI$3:$BI$22,0)) | CA20: 18 | CB20: =IF('Tính'!B56="",0,IF(OR($AZ$1=0,'Tính'!D56=$AZ$1),1,0)) | CC20: =IF(CB20=1,'Tính'!M56+1+(45-18)/1000000,-1) | CD20: =IF(LARGE($CC$3:$CC$47,18)<0,"",MATCH(LARGE($CC$3:$CC$47,18),$CC$3:$CC$47,0))
A21: =IF(OR($CD$3="",$BJ$14=""),"",INDEX($BA$3:$BA$22,$BJ$14)) | B21: =IF(A21="","",INDEX('Tính'!$C$86:$V$130,$CD$3,$BJ$14)) | C21: =IF(A21="","",INDEX('Tính'!$C$134:$V$178,$CD$3,$BJ$14)) | D21: =IF(A21="","",INDEX('Tính'!$C$182:$V$226,$CD$3,$BJ$14)) | F21: =IF(OR($CD$4="",$BJ$14=""),"",INDEX($BA$3:$BA$22,$BJ$14)) | G21: =IF(F21="","",INDEX('Tính'!$C$86:$V$130,$CD$4,$BJ$14)) | H21: =IF(F21="","",INDEX('Tính'!$C$134:$V$178,$CD$4,$BJ$14)) | I21: =IF(F21="","",INDEX('Tính'!$C$182:$V$226,$CD$4,$BJ$14)) | K21: =IF(OR($CD$5="",$BJ$14=""),"",INDEX($BA$3:$BA$22,$BJ$14)) | L21: =IF(K21="","",INDEX('Tính'!$C$86:$V$130,$CD$5,$BJ$14)) | M21: =IF(K21="","",INDEX('Tính'!$C$134:$V$178,$CD$5,$BJ$14)) | N21: =IF(K21="","",INDEX('Tính'!$C$182:$V$226,$CD$5,$BJ$14)) | P21: =IF(OR($CD$6="",$BJ$14=""),"",INDEX($BA$3:$BA$22,$BJ$14)) | Q21: =IF(P21="","",INDEX('Tính'!$C$86:$V$130,$CD$6,$BJ$14)) | R21: =IF(P21="","",INDEX('Tính'!$C$134:$V$178,$CD$6,$BJ$14)) | S21: =IF(P21="","",INDEX('Tính'!$C$182:$V$226,$CD$6,$BJ$14)) | BA21: ='Tính'!B21 | BB21: ='Tính'!D21 | BC21: =IF($AZ$1=0,'Tính'!$Z$21,CHOOSE($AZ$1,'Tính'!$G$21,'Tính'!$L$21,'Tính'!$Q$21,'Tính'!$V$21)) | BD21: =IF($AZ$1=0,'Tính'!$Y$21,CHOOSE($AZ$1,'Tính'!$E$21,'Tính'!$J$21,'Tính'!$O$21,'Tính'!$T$21)) | BE21: =IF($AZ$1=0,'Tính'!$AB$21,CHOOSE($AZ$1,'Tính'!$I$21,'Tính'!$N$21,'Tính'!$S$21,'Tính'!$X$21)) | BF21: =IF($AZ$1=0,'Tính'!$AA$21,CHOOSE($AZ$1,'Tính'!$H$21,'Tính'!$M$21,'Tính'!$R$21,'Tính'!$W$21)) | BG21: =IF(BC21>0,BD21/NgayQua*SoNgay/BC21,IF(BD21>0,1,0)) | BH21: =IF(CoRTNhom=1,IF(BC21>0,(BD21+BF21)/(NgayQua+1)*SoNgay/BC21,IF(BD21+BF21>0,1,0)),BG21) | BI21: =IF(BA21="",-1,IF(BB21="Chính",1000,0)+BG21+(20-19)/100000) | BJ21: =IF(LARGE($BI$3:$BI$22,19)<0,"",MATCH(LARGE($BI$3:$BI$22,19),$BI$3:$BI$22,0)) | CA21: 19 | CB21: =IF('Tính'!B57="",0,IF(OR($AZ$1=0,'Tính'!D57=$AZ$1),1,0)) | CC21: =IF(CB21=1,'Tính'!M57+1+(45-19)/1000000,-1) | CD21: =IF(LARGE($CC$3:$CC$47,19)<0,"",MATCH(LARGE($CC$3:$CC$47,19),$CC$3:$CC$47,0))
A22: =IF(OR($CD$3="",$BJ$15=""),"",INDEX($BA$3:$BA$22,$BJ$15)) | B22: =IF(A22="","",INDEX('Tính'!$C$86:$V$130,$CD$3,$BJ$15)) | C22: =IF(A22="","",INDEX('Tính'!$C$134:$V$178,$CD$3,$BJ$15)) | D22: =IF(A22="","",INDEX('Tính'!$C$182:$V$226,$CD$3,$BJ$15)) | F22: =IF(OR($CD$4="",$BJ$15=""),"",INDEX($BA$3:$BA$22,$BJ$15)) | G22: =IF(F22="","",INDEX('Tính'!$C$86:$V$130,$CD$4,$BJ$15)) | H22: =IF(F22="","",INDEX('Tính'!$C$134:$V$178,$CD$4,$BJ$15)) | I22: =IF(F22="","",INDEX('Tính'!$C$182:$V$226,$CD$4,$BJ$15)) | K22: =IF(OR($CD$5="",$BJ$15=""),"",INDEX($BA$3:$BA$22,$BJ$15)) | L22: =IF(K22="","",INDEX('Tính'!$C$86:$V$130,$CD$5,$BJ$15)) | M22: =IF(K22="","",INDEX('Tính'!$C$134:$V$178,$CD$5,$BJ$15)) | N22: =IF(K22="","",INDEX('Tính'!$C$182:$V$226,$CD$5,$BJ$15)) | P22: =IF(OR($CD$6="",$BJ$15=""),"",INDEX($BA$3:$BA$22,$BJ$15)) | Q22: =IF(P22="","",INDEX('Tính'!$C$86:$V$130,$CD$6,$BJ$15)) | R22: =IF(P22="","",INDEX('Tính'!$C$134:$V$178,$CD$6,$BJ$15)) | S22: =IF(P22="","",INDEX('Tính'!$C$182:$V$226,$CD$6,$BJ$15)) | BA22: ='Tính'!B22 | BB22: ='Tính'!D22 | BC22: =IF($AZ$1=0,'Tính'!$Z$22,CHOOSE($AZ$1,'Tính'!$G$22,'Tính'!$L$22,'Tính'!$Q$22,'Tính'!$V$22)) | BD22: =IF($AZ$1=0,'Tính'!$Y$22,CHOOSE($AZ$1,'Tính'!$E$22,'Tính'!$J$22,'Tính'!$O$22,'Tính'!$T$22)) | BE22: =IF($AZ$1=0,'Tính'!$AB$22,CHOOSE($AZ$1,'Tính'!$I$22,'Tính'!$N$22,'Tính'!$S$22,'Tính'!$X$22)) | BF22: =IF($AZ$1=0,'Tính'!$AA$22,CHOOSE($AZ$1,'Tính'!$H$22,'Tính'!$M$22,'Tính'!$R$22,'Tính'!$W$22)) | BG22: =IF(BC22>0,BD22/NgayQua*SoNgay/BC22,IF(BD22>0,1,0)) | BH22: =IF(CoRTNhom=1,IF(BC22>0,(BD22+BF22)/(NgayQua+1)*SoNgay/BC22,IF(BD22+BF22>0,1,0)),BG22) | BI22: =IF(BA22="",-1,IF(BB22="Chính",1000,0)+BG22+(20-20)/100000) | BJ22: =IF(LARGE($BI$3:$BI$22,20)<0,"",MATCH(LARGE($BI$3:$BI$22,20),$BI$3:$BI$22,0)) | CA22: 20 | CB22: =IF('Tính'!B58="",0,IF(OR($AZ$1=0,'Tính'!D58=$AZ$1),1,0)) | CC22: =IF(CB22=1,'Tính'!M58+1+(45-20)/1000000,-1) | CD22: =IF(LARGE($CC$3:$CC$47,20)<0,"",MATCH(LARGE($CC$3:$CC$47,20),$CC$3:$CC$47,0))
A23: =IF(OR($CD$3="",$BJ$16=""),"",INDEX($BA$3:$BA$22,$BJ$16)) | B23: =IF(A23="","",INDEX('Tính'!$C$86:$V$130,$CD$3,$BJ$16)) | C23: =IF(A23="","",INDEX('Tính'!$C$134:$V$178,$CD$3,$BJ$16)) | D23: =IF(A23="","",INDEX('Tính'!$C$182:$V$226,$CD$3,$BJ$16)) | F23: =IF(OR($CD$4="",$BJ$16=""),"",INDEX($BA$3:$BA$22,$BJ$16)) | G23: =IF(F23="","",INDEX('Tính'!$C$86:$V$130,$CD$4,$BJ$16)) | H23: =IF(F23="","",INDEX('Tính'!$C$134:$V$178,$CD$4,$BJ$16)) | I23: =IF(F23="","",INDEX('Tính'!$C$182:$V$226,$CD$4,$BJ$16)) | K23: =IF(OR($CD$5="",$BJ$16=""),"",INDEX($BA$3:$BA$22,$BJ$16)) | L23: =IF(K23="","",INDEX('Tính'!$C$86:$V$130,$CD$5,$BJ$16)) | M23: =IF(K23="","",INDEX('Tính'!$C$134:$V$178,$CD$5,$BJ$16)) | N23: =IF(K23="","",INDEX('Tính'!$C$182:$V$226,$CD$5,$BJ$16)) | P23: =IF(OR($CD$6="",$BJ$16=""),"",INDEX($BA$3:$BA$22,$BJ$16)) | Q23: =IF(P23="","",INDEX('Tính'!$C$86:$V$130,$CD$6,$BJ$16)) | R23: =IF(P23="","",INDEX('Tính'!$C$134:$V$178,$CD$6,$BJ$16)) | S23: =IF(P23="","",INDEX('Tính'!$C$182:$V$226,$CD$6,$BJ$16)) | CA23: 21 | CB23: =IF('Tính'!B59="",0,IF(OR($AZ$1=0,'Tính'!D59=$AZ$1),1,0)) | CC23: =IF(CB23=1,'Tính'!M59+1+(45-21)/1000000,-1) | CD23: =IF(LARGE($CC$3:$CC$47,21)<0,"",MATCH(LARGE($CC$3:$CC$47,21),$CC$3:$CC$47,0))
A24: =IF(OR($CD$3="",$BJ$17=""),"",INDEX($BA$3:$BA$22,$BJ$17)) | B24: =IF(A24="","",INDEX('Tính'!$C$86:$V$130,$CD$3,$BJ$17)) | C24: =IF(A24="","",INDEX('Tính'!$C$134:$V$178,$CD$3,$BJ$17)) | D24: =IF(A24="","",INDEX('Tính'!$C$182:$V$226,$CD$3,$BJ$17)) | F24: =IF(OR($CD$4="",$BJ$17=""),"",INDEX($BA$3:$BA$22,$BJ$17)) | G24: =IF(F24="","",INDEX('Tính'!$C$86:$V$130,$CD$4,$BJ$17)) | H24: =IF(F24="","",INDEX('Tính'!$C$134:$V$178,$CD$4,$BJ$17)) | I24: =IF(F24="","",INDEX('Tính'!$C$182:$V$226,$CD$4,$BJ$17)) | K24: =IF(OR($CD$5="",$BJ$17=""),"",INDEX($BA$3:$BA$22,$BJ$17)) | L24: =IF(K24="","",INDEX('Tính'!$C$86:$V$130,$CD$5,$BJ$17)) | M24: =IF(K24="","",INDEX('Tính'!$C$134:$V$178,$CD$5,$BJ$17)) | N24: =IF(K24="","",INDEX('Tính'!$C$182:$V$226,$CD$5,$BJ$17)) | P24: =IF(OR($CD$6="",$BJ$17=""),"",INDEX($BA$3:$BA$22,$BJ$17)) | Q24: =IF(P24="","",INDEX('Tính'!$C$86:$V$130,$CD$6,$BJ$17)) | R24: =IF(P24="","",INDEX('Tính'!$C$134:$V$178,$CD$6,$BJ$17)) | S24: =IF(P24="","",INDEX('Tính'!$C$182:$V$226,$CD$6,$BJ$17)) | CA24: 22 | CB24: =IF('Tính'!B60="",0,IF(OR($AZ$1=0,'Tính'!D60=$AZ$1),1,0)) | CC24: =IF(CB24=1,'Tính'!M60+1+(45-22)/1000000,-1) | CD24: =IF(LARGE($CC$3:$CC$47,22)<0,"",MATCH(LARGE($CC$3:$CC$47,22),$CC$3:$CC$47,0))
A25: =IF(OR($CD$3="",$BJ$18=""),"",INDEX($BA$3:$BA$22,$BJ$18)) | B25: =IF(A25="","",INDEX('Tính'!$C$86:$V$130,$CD$3,$BJ$18)) | C25: =IF(A25="","",INDEX('Tính'!$C$134:$V$178,$CD$3,$BJ$18)) | D25: =IF(A25="","",INDEX('Tính'!$C$182:$V$226,$CD$3,$BJ$18)) | F25: =IF(OR($CD$4="",$BJ$18=""),"",INDEX($BA$3:$BA$22,$BJ$18)) | G25: =IF(F25="","",INDEX('Tính'!$C$86:$V$130,$CD$4,$BJ$18)) | H25: =IF(F25="","",INDEX('Tính'!$C$134:$V$178,$CD$4,$BJ$18)) | I25: =IF(F25="","",INDEX('Tính'!$C$182:$V$226,$CD$4,$BJ$18)) | K25: =IF(OR($CD$5="",$BJ$18=""),"",INDEX($BA$3:$BA$22,$BJ$18)) | L25: =IF(K25="","",INDEX('Tính'!$C$86:$V$130,$CD$5,$BJ$18)) | M25: =IF(K25="","",INDEX('Tính'!$C$134:$V$178,$CD$5,$BJ$18)) | N25: =IF(K25="","",INDEX('Tính'!$C$182:$V$226,$CD$5,$BJ$18)) | P25: =IF(OR($CD$6="",$BJ$18=""),"",INDEX($BA$3:$BA$22,$BJ$18)) | Q25: =IF(P25="","",INDEX('Tính'!$C$86:$V$130,$CD$6,$BJ$18)) | R25: =IF(P25="","",INDEX('Tính'!$C$134:$V$178,$CD$6,$BJ$18)) | S25: =IF(P25="","",INDEX('Tính'!$C$182:$V$226,$CD$6,$BJ$18)) | CA25: 23 | CB25: =IF('Tính'!B61="",0,IF(OR($AZ$1=0,'Tính'!D61=$AZ$1),1,0)) | CC25: =IF(CB25=1,'Tính'!M61+1+(45-23)/1000000,-1) | CD25: =IF(LARGE($CC$3:$CC$47,23)<0,"",MATCH(LARGE($CC$3:$CC$47,23),$CC$3:$CC$47,0))
A26: =IF(OR($CD$3="",$BJ$19=""),"",INDEX($BA$3:$BA$22,$BJ$19)) | B26: =IF(A26="","",INDEX('Tính'!$C$86:$V$130,$CD$3,$BJ$19)) | C26: =IF(A26="","",INDEX('Tính'!$C$134:$V$178,$CD$3,$BJ$19)) | D26: =IF(A26="","",INDEX('Tính'!$C$182:$V$226,$CD$3,$BJ$19)) | F26: =IF(OR($CD$4="",$BJ$19=""),"",INDEX($BA$3:$BA$22,$BJ$19)) | G26: =IF(F26="","",INDEX('Tính'!$C$86:$V$130,$CD$4,$BJ$19)) | H26: =IF(F26="","",INDEX('Tính'!$C$134:$V$178,$CD$4,$BJ$19)) | I26: =IF(F26="","",INDEX('Tính'!$C$182:$V$226,$CD$4,$BJ$19)) | K26: =IF(OR($CD$5="",$BJ$19=""),"",INDEX($BA$3:$BA$22,$BJ$19)) | L26: =IF(K26="","",INDEX('Tính'!$C$86:$V$130,$CD$5,$BJ$19)) | M26: =IF(K26="","",INDEX('Tính'!$C$134:$V$178,$CD$5,$BJ$19)) | N26: =IF(K26="","",INDEX('Tính'!$C$182:$V$226,$CD$5,$BJ$19)) | P26: =IF(OR($CD$6="",$BJ$19=""),"",INDEX($BA$3:$BA$22,$BJ$19)) | Q26: =IF(P26="","",INDEX('Tính'!$C$86:$V$130,$CD$6,$BJ$19)) | R26: =IF(P26="","",INDEX('Tính'!$C$134:$V$178,$CD$6,$BJ$19)) | S26: =IF(P26="","",INDEX('Tính'!$C$182:$V$226,$CD$6,$BJ$19)) | CA26: 24 | CB26: =IF('Tính'!B62="",0,IF(OR($AZ$1=0,'Tính'!D62=$AZ$1),1,0)) | CC26: =IF(CB26=1,'Tính'!M62+1+(45-24)/1000000,-1) | CD26: =IF(LARGE($CC$3:$CC$47,24)<0,"",MATCH(LARGE($CC$3:$CC$47,24),$CC$3:$CC$47,0))
A27: =IF(OR($CD$3="",$BJ$20=""),"",INDEX($BA$3:$BA$22,$BJ$20)) | B27: =IF(A27="","",INDEX('Tính'!$C$86:$V$130,$CD$3,$BJ$20)) | C27: =IF(A27="","",INDEX('Tính'!$C$134:$V$178,$CD$3,$BJ$20)) | D27: =IF(A27="","",INDEX('Tính'!$C$182:$V$226,$CD$3,$BJ$20)) | F27: =IF(OR($CD$4="",$BJ$20=""),"",INDEX($BA$3:$BA$22,$BJ$20)) | G27: =IF(F27="","",INDEX('Tính'!$C$86:$V$130,$CD$4,$BJ$20)) | H27: =IF(F27="","",INDEX('Tính'!$C$134:$V$178,$CD$4,$BJ$20)) | I27: =IF(F27="","",INDEX('Tính'!$C$182:$V$226,$CD$4,$BJ$20)) | K27: =IF(OR($CD$5="",$BJ$20=""),"",INDEX($BA$3:$BA$22,$BJ$20)) | L27: =IF(K27="","",INDEX('Tính'!$C$86:$V$130,$CD$5,$BJ$20)) | M27: =IF(K27="","",INDEX('Tính'!$C$134:$V$178,$CD$5,$BJ$20)) | N27: =IF(K27="","",INDEX('Tính'!$C$182:$V$226,$CD$5,$BJ$20)) | P27: =IF(OR($CD$6="",$BJ$20=""),"",INDEX($BA$3:$BA$22,$BJ$20)) | Q27: =IF(P27="","",INDEX('Tính'!$C$86:$V$130,$CD$6,$BJ$20)) | R27: =IF(P27="","",INDEX('Tính'!$C$134:$V$178,$CD$6,$BJ$20)) | S27: =IF(P27="","",INDEX('Tính'!$C$182:$V$226,$CD$6,$BJ$20)) | CA27: 25 | CB27: =IF('Tính'!B63="",0,IF(OR($AZ$1=0,'Tính'!D63=$AZ$1),1,0)) | CC27: =IF(CB27=1,'Tính'!M63+1+(45-25)/1000000,-1) | CD27: =IF(LARGE($CC$3:$CC$47,25)<0,"",MATCH(LARGE($CC$3:$CC$47,25),$CC$3:$CC$47,0))
A28: =IF(OR($CD$3="",$BJ$21=""),"",INDEX($BA$3:$BA$22,$BJ$21)) | B28: =IF(A28="","",INDEX('Tính'!$C$86:$V$130,$CD$3,$BJ$21)) | C28: =IF(A28="","",INDEX('Tính'!$C$134:$V$178,$CD$3,$BJ$21)) | D28: =IF(A28="","",INDEX('Tính'!$C$182:$V$226,$CD$3,$BJ$21)) | F28: =IF(OR($CD$4="",$BJ$21=""),"",INDEX($BA$3:$BA$22,$BJ$21)) | G28: =IF(F28="","",INDEX('Tính'!$C$86:$V$130,$CD$4,$BJ$21)) | H28: =IF(F28="","",INDEX('Tính'!$C$134:$V$178,$CD$4,$BJ$21)) | I28: =IF(F28="","",INDEX('Tính'!$C$182:$V$226,$CD$4,$BJ$21)) | K28: =IF(OR($CD$5="",$BJ$21=""),"",INDEX($BA$3:$BA$22,$BJ$21)) | L28: =IF(K28="","",INDEX('Tính'!$C$86:$V$130,$CD$5,$BJ$21)) | M28: =IF(K28="","",INDEX('Tính'!$C$134:$V$178,$CD$5,$BJ$21)) | N28: =IF(K28="","",INDEX('Tính'!$C$182:$V$226,$CD$5,$BJ$21)) | P28: =IF(OR($CD$6="",$BJ$21=""),"",INDEX($BA$3:$BA$22,$BJ$21)) | Q28: =IF(P28="","",INDEX('Tính'!$C$86:$V$130,$CD$6,$BJ$21)) | R28: =IF(P28="","",INDEX('Tính'!$C$134:$V$178,$CD$6,$BJ$21)) | S28: =IF(P28="","",INDEX('Tính'!$C$182:$V$226,$CD$6,$BJ$21)) | CA28: 26 | CB28: =IF('Tính'!B64="",0,IF(OR($AZ$1=0,'Tính'!D64=$AZ$1),1,0)) | CC28: =IF(CB28=1,'Tính'!M64+1+(45-26)/1000000,-1) | CD28: =IF(LARGE($CC$3:$CC$47,26)<0,"",MATCH(LARGE($CC$3:$CC$47,26),$CC$3:$CC$47,0))
A29: =IF(OR($CD$3="",$BJ$22=""),"",INDEX($BA$3:$BA$22,$BJ$22)) | B29: =IF(A29="","",INDEX('Tính'!$C$86:$V$130,$CD$3,$BJ$22)) | C29: =IF(A29="","",INDEX('Tính'!$C$134:$V$178,$CD$3,$BJ$22)) | D29: =IF(A29="","",INDEX('Tính'!$C$182:$V$226,$CD$3,$BJ$22)) | F29: =IF(OR($CD$4="",$BJ$22=""),"",INDEX($BA$3:$BA$22,$BJ$22)) | G29: =IF(F29="","",INDEX('Tính'!$C$86:$V$130,$CD$4,$BJ$22)) | H29: =IF(F29="","",INDEX('Tính'!$C$134:$V$178,$CD$4,$BJ$22)) | I29: =IF(F29="","",INDEX('Tính'!$C$182:$V$226,$CD$4,$BJ$22)) | K29: =IF(OR($CD$5="",$BJ$22=""),"",INDEX($BA$3:$BA$22,$BJ$22)) | L29: =IF(K29="","",INDEX('Tính'!$C$86:$V$130,$CD$5,$BJ$22)) | M29: =IF(K29="","",INDEX('Tính'!$C$134:$V$178,$CD$5,$BJ$22)) | N29: =IF(K29="","",INDEX('Tính'!$C$182:$V$226,$CD$5,$BJ$22)) | P29: =IF(OR($CD$6="",$BJ$22=""),"",INDEX($BA$3:$BA$22,$BJ$22)) | Q29: =IF(P29="","",INDEX('Tính'!$C$86:$V$130,$CD$6,$BJ$22)) | R29: =IF(P29="","",INDEX('Tính'!$C$134:$V$178,$CD$6,$BJ$22)) | S29: =IF(P29="","",INDEX('Tính'!$C$182:$V$226,$CD$6,$BJ$22)) | CA29: 27 | CB29: =IF('Tính'!B65="",0,IF(OR($AZ$1=0,'Tính'!D65=$AZ$1),1,0)) | CC29: =IF(CB29=1,'Tính'!M65+1+(45-27)/1000000,-1) | CD29: =IF(LARGE($CC$3:$CC$47,27)<0,"",MATCH(LARGE($CC$3:$CC$47,27),$CC$3:$CC$47,0))
CA30: 28 | CB30: =IF('Tính'!B66="",0,IF(OR($AZ$1=0,'Tính'!D66=$AZ$1),1,0)) | CC30: =IF(CB30=1,'Tính'!M66+1+(45-28)/1000000,-1) | CD30: =IF(LARGE($CC$3:$CC$47,28)<0,"",MATCH(LARGE($CC$3:$CC$47,28),$CC$3:$CC$47,0))
A31: =IF($CD$7="","",5&". "&IF($CD$7="","",INDEX('Tính'!$F$39:$F$83,$CD$7))&" · "&IF($CD$7="","",INDEX('Tính'!$O$39:$O$83,$CD$7))) | F31: =IF($CD$8="","",6&". "&IF($CD$8="","",INDEX('Tính'!$F$39:$F$83,$CD$8))&" · "&IF($CD$8="","",INDEX('Tính'!$O$39:$O$83,$CD$8))) | K31: =IF($CD$9="","",7&". "&IF($CD$9="","",INDEX('Tính'!$F$39:$F$83,$CD$9))&" · "&IF($CD$9="","",INDEX('Tính'!$O$39:$O$83,$CD$9))) | P31: =IF($CD$10="","",8&". "&IF($CD$10="","",INDEX('Tính'!$F$39:$F$83,$CD$10))&" · "&IF($CD$10="","",INDEX('Tính'!$O$39:$O$83,$CD$10))) | CA31: 29 | CB31: =IF('Tính'!B67="",0,IF(OR($AZ$1=0,'Tính'!D67=$AZ$1),1,0)) | CC31: =IF(CB31=1,'Tính'!M67+1+(45-29)/1000000,-1) | CD31: =IF(LARGE($CC$3:$CC$47,29)<0,"",MATCH(LARGE($CC$3:$CC$47,29),$CC$3:$CC$47,0))
A32: =IF($CD$7="","","DỰ KIẾN") | B32: =IF($CD$7="","","% HT") | C32: =IF($CD$7="","","NH ĐẠT") | D32: =IF($CD$7="","","HẠNG") | F32: =IF($CD$8="","","DỰ KIẾN") | G32: =IF($CD$8="","","% HT") | H32: =IF($CD$8="","","NH ĐẠT") | I32: =IF($CD$8="","","HẠNG") | K32: =IF($CD$9="","","DỰ KIẾN") | L32: =IF($CD$9="","","% HT") | M32: =IF($CD$9="","","NH ĐẠT") | N32: =IF($CD$9="","","HẠNG") | P32: =IF($CD$10="","","DỰ KIẾN") | Q32: =IF($CD$10="","","% HT") | R32: =IF($CD$10="","","NH ĐẠT") | S32: =IF($CD$10="","","HẠNG") | CA32: 30 | CB32: =IF('Tính'!B68="",0,IF(OR($AZ$1=0,'Tính'!D68=$AZ$1),1,0)) | CC32: =IF(CB32=1,'Tính'!M68+1+(45-30)/1000000,-1) | CD32: =IF(LARGE($CC$3:$CC$47,30)<0,"",MATCH(LARGE($CC$3:$CC$47,30),$CC$3:$CC$47,0))
A33: =IF($CD$7="","",IF($CD$7="","",INDEX('Tính'!$M$39:$M$83,$CD$7))) | B33: =IF($CD$7="","",IF($CD$7="","",INDEX('Tính'!$N$39:$N$83,$CD$7))) | C33: =IF($CD$7="","",IF($CD$7="","",INDEX('Tính'!$P$39:$P$83,$CD$7))&"/"&COUNTIF($BA$3:$BA$22,"?*")) | D33: =IF($CD$7="","",5) | F33: =IF($CD$8="","",IF($CD$8="","",INDEX('Tính'!$M$39:$M$83,$CD$8))) | G33: =IF($CD$8="","",IF($CD$8="","",INDEX('Tính'!$N$39:$N$83,$CD$8))) | H33: =IF($CD$8="","",IF($CD$8="","",INDEX('Tính'!$P$39:$P$83,$CD$8))&"/"&COUNTIF($BA$3:$BA$22,"?*")) | I33: =IF($CD$8="","",6) | K33: =IF($CD$9="","",IF($CD$9="","",INDEX('Tính'!$M$39:$M$83,$CD$9))) | L33: =IF($CD$9="","",IF($CD$9="","",INDEX('Tính'!$N$39:$N$83,$CD$9))) | M33: =IF($CD$9="","",IF($CD$9="","",INDEX('Tính'!$P$39:$P$83,$CD$9))&"/"&COUNTIF($BA$3:$BA$22,"?*")) | N33: =IF($CD$9="","",7) | P33: =IF($CD$10="","",IF($CD$10="","",INDEX('Tính'!$M$39:$M$83,$CD$10))) | Q33: =IF($CD$10="","",IF($CD$10="","",INDEX('Tính'!$N$39:$N$83,$CD$10))) | R33: =IF($CD$10="","",IF($CD$10="","",INDEX('Tính'!$P$39:$P$83,$CD$10))&"/"&COUNTIF($BA$3:$BA$22,"?*")) | S33: =IF($CD$10="","",8) | CA33: 31 | CB33: =IF('Tính'!B69="",0,IF(OR($AZ$1=0,'Tính'!D69=$AZ$1),1,0)) | CC33: =IF(CB33=1,'Tính'!M69+1+(45-31)/1000000,-1) | CD33: =IF(LARGE($CC$3:$CC$47,31)<0,"",MATCH(LARGE($CC$3:$CC$47,31),$CC$3:$CC$47,0))
A34: =IF($CD$7="","","DT QĐ") | B34: =IF($CD$7="","","MỤC TIÊU") | C34: =IF($CD$7="","","HÔM NAY") | F34: =IF($CD$8="","","DT QĐ") | G34: =IF($CD$8="","","MỤC TIÊU") | H34: =IF($CD$8="","","HÔM NAY") | K34: =IF($CD$9="","","DT QĐ") | L34: =IF($CD$9="","","MỤC TIÊU") | M34: =IF($CD$9="","","HÔM NAY") | P34: =IF($CD$10="","","DT QĐ") | Q34: =IF($CD$10="","","MỤC TIÊU") | R34: =IF($CD$10="","","HÔM NAY") | CA34: 32 | CB34: =IF('Tính'!B70="",0,IF(OR($AZ$1=0,'Tính'!D70=$AZ$1),1,0)) | CC34: =IF(CB34=1,'Tính'!M70+1+(45-32)/1000000,-1) | CD34: =IF(LARGE($CC$3:$CC$47,32)<0,"",MATCH(LARGE($CC$3:$CC$47,32),$CC$3:$CC$47,0))
A35: =IF($CD$7="","",IF($CD$7="","",INDEX('Tính'!$K$39:$K$83,$CD$7))) | B35: =IF($CD$7="","",IF($CD$7="","",INDEX('Tính'!$J$39:$J$83,$CD$7))) | C35: =IF($CD$7="","",IF($CD$7="","",INDEX('Tính'!$L$39:$L$83,$CD$7))) | D35: =IF($CD$7="","","") | F35: =IF($CD$8="","",IF($CD$8="","",INDEX('Tính'!$K$39:$K$83,$CD$8))) | G35: =IF($CD$8="","",IF($CD$8="","",INDEX('Tính'!$J$39:$J$83,$CD$8))) | H35: =IF($CD$8="","",IF($CD$8="","",INDEX('Tính'!$L$39:$L$83,$CD$8))) | I35: =IF($CD$8="","","") | K35: =IF($CD$9="","",IF($CD$9="","",INDEX('Tính'!$K$39:$K$83,$CD$9))) | L35: =IF($CD$9="","",IF($CD$9="","",INDEX('Tính'!$J$39:$J$83,$CD$9))) | M35: =IF($CD$9="","",IF($CD$9="","",INDEX('Tính'!$L$39:$L$83,$CD$9))) | N35: =IF($CD$9="","","") | P35: =IF($CD$10="","",IF($CD$10="","",INDEX('Tính'!$K$39:$K$83,$CD$10))) | Q35: =IF($CD$10="","",IF($CD$10="","",INDEX('Tính'!$J$39:$J$83,$CD$10))) | R35: =IF($CD$10="","",IF($CD$10="","",INDEX('Tính'!$L$39:$L$83,$CD$10))) | S35: =IF($CD$10="","","") | CA35: 33 | CB35: =IF('Tính'!B71="",0,IF(OR($AZ$1=0,'Tính'!D71=$AZ$1),1,0)) | CC35: =IF(CB35=1,'Tính'!M71+1+(45-33)/1000000,-1) | CD35: =IF(LARGE($CC$3:$CC$47,33)<0,"",MATCH(LARGE($CC$3:$CC$47,33),$CC$3:$CC$47,0))
A36: =IF($CD$7="","","Nhóm hàng") | B36: =IF($CD$7="","","TH") | C36: =IF($CD$7="","","Target") | D36: =IF($CD$7="","","DK") | F36: =IF($CD$8="","","Nhóm hàng") | G36: =IF($CD$8="","","TH") | H36: =IF($CD$8="","","Target") | I36: =IF($CD$8="","","DK") | K36: =IF($CD$9="","","Nhóm hàng") | L36: =IF($CD$9="","","TH") | M36: =IF($CD$9="","","Target") | N36: =IF($CD$9="","","DK") | P36: =IF($CD$10="","","Nhóm hàng") | Q36: =IF($CD$10="","","TH") | R36: =IF($CD$10="","","Target") | S36: =IF($CD$10="","","DK") | CA36: 34 | CB36: =IF('Tính'!B72="",0,IF(OR($AZ$1=0,'Tính'!D72=$AZ$1),1,0)) | CC36: =IF(CB36=1,'Tính'!M72+1+(45-34)/1000000,-1) | CD36: =IF(LARGE($CC$3:$CC$47,34)<0,"",MATCH(LARGE($CC$3:$CC$47,34),$CC$3:$CC$47,0))
A37: =IF(OR($CD$7="",$BJ$3=""),"",INDEX($BA$3:$BA$22,$BJ$3)) | B37: =IF(A37="","",INDEX('Tính'!$C$86:$V$130,$CD$7,$BJ$3)) | C37: =IF(A37="","",INDEX('Tính'!$C$134:$V$178,$CD$7,$BJ$3)) | D37: =IF(A37="","",INDEX('Tính'!$C$182:$V$226,$CD$7,$BJ$3)) | F37: =IF(OR($CD$8="",$BJ$3=""),"",INDEX($BA$3:$BA$22,$BJ$3)) | G37: =IF(F37="","",INDEX('Tính'!$C$86:$V$130,$CD$8,$BJ$3)) | H37: =IF(F37="","",INDEX('Tính'!$C$134:$V$178,$CD$8,$BJ$3)) | I37: =IF(F37="","",INDEX('Tính'!$C$182:$V$226,$CD$8,$BJ$3)) | K37: =IF(OR($CD$9="",$BJ$3=""),"",INDEX($BA$3:$BA$22,$BJ$3)) | L37: =IF(K37="","",INDEX('Tính'!$C$86:$V$130,$CD$9,$BJ$3)) | M37: =IF(K37="","",INDEX('Tính'!$C$134:$V$178,$CD$9,$BJ$3)) | N37: =IF(K37="","",INDEX('Tính'!$C$182:$V$226,$CD$9,$BJ$3)) | P37: =IF(OR($CD$10="",$BJ$3=""),"",INDEX($BA$3:$BA$22,$BJ$3)) | Q37: =IF(P37="","",INDEX('Tính'!$C$86:$V$130,$CD$10,$BJ$3)) | R37: =IF(P37="","",INDEX('Tính'!$C$134:$V$178,$CD$10,$BJ$3)) | S37: =IF(P37="","",INDEX('Tính'!$C$182:$V$226,$CD$10,$BJ$3)) | CA37: 35 | CB37: =IF('Tính'!B73="",0,IF(OR($AZ$1=0,'Tính'!D73=$AZ$1),1,0)) | CC37: =IF(CB37=1,'Tính'!M73+1+(45-35)/1000000,-1) | CD37: =IF(LARGE($CC$3:$CC$47,35)<0,"",MATCH(LARGE($CC$3:$CC$47,35),$CC$3:$CC$47,0))
A38: =IF(OR($CD$7="",$BJ$4=""),"",INDEX($BA$3:$BA$22,$BJ$4)) | B38: =IF(A38="","",INDEX('Tính'!$C$86:$V$130,$CD$7,$BJ$4)) | C38: =IF(A38="","",INDEX('Tính'!$C$134:$V$178,$CD$7,$BJ$4)) | D38: =IF(A38="","",INDEX('Tính'!$C$182:$V$226,$CD$7,$BJ$4)) | F38: =IF(OR($CD$8="",$BJ$4=""),"",INDEX($BA$3:$BA$22,$BJ$4)) | G38: =IF(F38="","",INDEX('Tính'!$C$86:$V$130,$CD$8,$BJ$4)) | H38: =IF(F38="","",INDEX('Tính'!$C$134:$V$178,$CD$8,$BJ$4)) | I38: =IF(F38="","",INDEX('Tính'!$C$182:$V$226,$CD$8,$BJ$4)) | K38: =IF(OR($CD$9="",$BJ$4=""),"",INDEX($BA$3:$BA$22,$BJ$4)) | L38: =IF(K38="","",INDEX('Tính'!$C$86:$V$130,$CD$9,$BJ$4)) | M38: =IF(K38="","",INDEX('Tính'!$C$134:$V$178,$CD$9,$BJ$4)) | N38: =IF(K38="","",INDEX('Tính'!$C$182:$V$226,$CD$9,$BJ$4)) | P38: =IF(OR($CD$10="",$BJ$4=""),"",INDEX($BA$3:$BA$22,$BJ$4)) | Q38: =IF(P38="","",INDEX('Tính'!$C$86:$V$130,$CD$10,$BJ$4)) | R38: =IF(P38="","",INDEX('Tính'!$C$134:$V$178,$CD$10,$BJ$4)) | S38: =IF(P38="","",INDEX('Tính'!$C$182:$V$226,$CD$10,$BJ$4)) | CA38: 36 | CB38: =IF('Tính'!B74="",0,IF(OR($AZ$1=0,'Tính'!D74=$AZ$1),1,0)) | CC38: =IF(CB38=1,'Tính'!M74+1+(45-36)/1000000,-1) | CD38: =IF(LARGE($CC$3:$CC$47,36)<0,"",MATCH(LARGE($CC$3:$CC$47,36),$CC$3:$CC$47,0))
A39: =IF(OR($CD$7="",$BJ$5=""),"",INDEX($BA$3:$BA$22,$BJ$5)) | B39: =IF(A39="","",INDEX('Tính'!$C$86:$V$130,$CD$7,$BJ$5)) | C39: =IF(A39="","",INDEX('Tính'!$C$134:$V$178,$CD$7,$BJ$5)) | D39: =IF(A39="","",INDEX('Tính'!$C$182:$V$226,$CD$7,$BJ$5)) | F39: =IF(OR($CD$8="",$BJ$5=""),"",INDEX($BA$3:$BA$22,$BJ$5)) | G39: =IF(F39="","",INDEX('Tính'!$C$86:$V$130,$CD$8,$BJ$5)) | H39: =IF(F39="","",INDEX('Tính'!$C$134:$V$178,$CD$8,$BJ$5)) | I39: =IF(F39="","",INDEX('Tính'!$C$182:$V$226,$CD$8,$BJ$5)) | K39: =IF(OR($CD$9="",$BJ$5=""),"",INDEX($BA$3:$BA$22,$BJ$5)) | L39: =IF(K39="","",INDEX('Tính'!$C$86:$V$130,$CD$9,$BJ$5)) | M39: =IF(K39="","",INDEX('Tính'!$C$134:$V$178,$CD$9,$BJ$5)) | N39: =IF(K39="","",INDEX('Tính'!$C$182:$V$226,$CD$9,$BJ$5)) | P39: =IF(OR($CD$10="",$BJ$5=""),"",INDEX($BA$3:$BA$22,$BJ$5)) | Q39: =IF(P39="","",INDEX('Tính'!$C$86:$V$130,$CD$10,$BJ$5)) | R39: =IF(P39="","",INDEX('Tính'!$C$134:$V$178,$CD$10,$BJ$5)) | S39: =IF(P39="","",INDEX('Tính'!$C$182:$V$226,$CD$10,$BJ$5)) | CA39: 37 | CB39: =IF('Tính'!B75="",0,IF(OR($AZ$1=0,'Tính'!D75=$AZ$1),1,0)) | CC39: =IF(CB39=1,'Tính'!M75+1+(45-37)/1000000,-1) | CD39: =IF(LARGE($CC$3:$CC$47,37)<0,"",MATCH(LARGE($CC$3:$CC$47,37),$CC$3:$CC$47,0))
A40: =IF(OR($CD$7="",$BJ$6=""),"",INDEX($BA$3:$BA$22,$BJ$6)) | B40: =IF(A40="","",INDEX('Tính'!$C$86:$V$130,$CD$7,$BJ$6)) | C40: =IF(A40="","",INDEX('Tính'!$C$134:$V$178,$CD$7,$BJ$6)) | D40: =IF(A40="","",INDEX('Tính'!$C$182:$V$226,$CD$7,$BJ$6)) | F40: =IF(OR($CD$8="",$BJ$6=""),"",INDEX($BA$3:$BA$22,$BJ$6)) | G40: =IF(F40="","",INDEX('Tính'!$C$86:$V$130,$CD$8,$BJ$6)) | H40: =IF(F40="","",INDEX('Tính'!$C$134:$V$178,$CD$8,$BJ$6)) | I40: =IF(F40="","",INDEX('Tính'!$C$182:$V$226,$CD$8,$BJ$6)) | K40: =IF(OR($CD$9="",$BJ$6=""),"",INDEX($BA$3:$BA$22,$BJ$6)) | L40: =IF(K40="","",INDEX('Tính'!$C$86:$V$130,$CD$9,$BJ$6)) | M40: =IF(K40="","",INDEX('Tính'!$C$134:$V$178,$CD$9,$BJ$6)) | N40: =IF(K40="","",INDEX('Tính'!$C$182:$V$226,$CD$9,$BJ$6)) | P40: =IF(OR($CD$10="",$BJ$6=""),"",INDEX($BA$3:$BA$22,$BJ$6)) | Q40: =IF(P40="","",INDEX('Tính'!$C$86:$V$130,$CD$10,$BJ$6)) | R40: =IF(P40="","",INDEX('Tính'!$C$134:$V$178,$CD$10,$BJ$6)) | S40: =IF(P40="","",INDEX('Tính'!$C$182:$V$226,$CD$10,$BJ$6)) | CA40: 38 | CB40: =IF('Tính'!B76="",0,IF(OR($AZ$1=0,'Tính'!D76=$AZ$1),1,0)) | CC40: =IF(CB40=1,'Tính'!M76+1+(45-38)/1000000,-1) | CD40: =IF(LARGE($CC$3:$CC$47,38)<0,"",MATCH(LARGE($CC$3:$CC$47,38),$CC$3:$CC$47,0))
A41: =IF(OR($CD$7="",$BJ$7=""),"",INDEX($BA$3:$BA$22,$BJ$7)) | B41: =IF(A41="","",INDEX('Tính'!$C$86:$V$130,$CD$7,$BJ$7)) | C41: =IF(A41="","",INDEX('Tính'!$C$134:$V$178,$CD$7,$BJ$7)) | D41: =IF(A41="","",INDEX('Tính'!$C$182:$V$226,$CD$7,$BJ$7)) | F41: =IF(OR($CD$8="",$BJ$7=""),"",INDEX($BA$3:$BA$22,$BJ$7)) | G41: =IF(F41="","",INDEX('Tính'!$C$86:$V$130,$CD$8,$BJ$7)) | H41: =IF(F41="","",INDEX('Tính'!$C$134:$V$178,$CD$8,$BJ$7)) | I41: =IF(F41="","",INDEX('Tính'!$C$182:$V$226,$CD$8,$BJ$7)) | K41: =IF(OR($CD$9="",$BJ$7=""),"",INDEX($BA$3:$BA$22,$BJ$7)) | L41: =IF(K41="","",INDEX('Tính'!$C$86:$V$130,$CD$9,$BJ$7)) | M41: =IF(K41="","",INDEX('Tính'!$C$134:$V$178,$CD$9,$BJ$7)) | N41: =IF(K41="","",INDEX('Tính'!$C$182:$V$226,$CD$9,$BJ$7)) | P41: =IF(OR($CD$10="",$BJ$7=""),"",INDEX($BA$3:$BA$22,$BJ$7)) | Q41: =IF(P41="","",INDEX('Tính'!$C$86:$V$130,$CD$10,$BJ$7)) | R41: =IF(P41="","",INDEX('Tính'!$C$134:$V$178,$CD$10,$BJ$7)) | S41: =IF(P41="","",INDEX('Tính'!$C$182:$V$226,$CD$10,$BJ$7)) | CA41: 39 | CB41: =IF('Tính'!B77="",0,IF(OR($AZ$1=0,'Tính'!D77=$AZ$1),1,0)) | CC41: =IF(CB41=1,'Tính'!M77+1+(45-39)/1000000,-1) | CD41: =IF(LARGE($CC$3:$CC$47,39)<0,"",MATCH(LARGE($CC$3:$CC$47,39),$CC$3:$CC$47,0))
A42: =IF(OR($CD$7="",$BJ$8=""),"",INDEX($BA$3:$BA$22,$BJ$8)) | B42: =IF(A42="","",INDEX('Tính'!$C$86:$V$130,$CD$7,$BJ$8)) | C42: =IF(A42="","",INDEX('Tính'!$C$134:$V$178,$CD$7,$BJ$8)) | D42: =IF(A42="","",INDEX('Tính'!$C$182:$V$226,$CD$7,$BJ$8)) | F42: =IF(OR($CD$8="",$BJ$8=""),"",INDEX($BA$3:$BA$22,$BJ$8)) | G42: =IF(F42="","",INDEX('Tính'!$C$86:$V$130,$CD$8,$BJ$8)) | H42: =IF(F42="","",INDEX('Tính'!$C$134:$V$178,$CD$8,$BJ$8)) | I42: =IF(F42="","",INDEX('Tính'!$C$182:$V$226,$CD$8,$BJ$8)) | K42: =IF(OR($CD$9="",$BJ$8=""),"",INDEX($BA$3:$BA$22,$BJ$8)) | L42: =IF(K42="","",INDEX('Tính'!$C$86:$V$130,$CD$9,$BJ$8)) | M42: =IF(K42="","",INDEX('Tính'!$C$134:$V$178,$CD$9,$BJ$8)) | N42: =IF(K42="","",INDEX('Tính'!$C$182:$V$226,$CD$9,$BJ$8)) | P42: =IF(OR($CD$10="",$BJ$8=""),"",INDEX($BA$3:$BA$22,$BJ$8)) | Q42: =IF(P42="","",INDEX('Tính'!$C$86:$V$130,$CD$10,$BJ$8)) | R42: =IF(P42="","",INDEX('Tính'!$C$134:$V$178,$CD$10,$BJ$8)) | S42: =IF(P42="","",INDEX('Tính'!$C$182:$V$226,$CD$10,$BJ$8)) | CA42: 40 | CB42: =IF('Tính'!B78="",0,IF(OR($AZ$1=0,'Tính'!D78=$AZ$1),1,0)) | CC42: =IF(CB42=1,'Tính'!M78+1+(45-40)/1000000,-1) | CD42: =IF(LARGE($CC$3:$CC$47,40)<0,"",MATCH(LARGE($CC$3:$CC$47,40),$CC$3:$CC$47,0))
A43: =IF(OR($CD$7="",$BJ$9=""),"",INDEX($BA$3:$BA$22,$BJ$9)) | B43: =IF(A43="","",INDEX('Tính'!$C$86:$V$130,$CD$7,$BJ$9)) | C43: =IF(A43="","",INDEX('Tính'!$C$134:$V$178,$CD$7,$BJ$9)) | D43: =IF(A43="","",INDEX('Tính'!$C$182:$V$226,$CD$7,$BJ$9)) | F43: =IF(OR($CD$8="",$BJ$9=""),"",INDEX($BA$3:$BA$22,$BJ$9)) | G43: =IF(F43="","",INDEX('Tính'!$C$86:$V$130,$CD$8,$BJ$9)) | H43: =IF(F43="","",INDEX('Tính'!$C$134:$V$178,$CD$8,$BJ$9)) | I43: =IF(F43="","",INDEX('Tính'!$C$182:$V$226,$CD$8,$BJ$9)) | K43: =IF(OR($CD$9="",$BJ$9=""),"",INDEX($BA$3:$BA$22,$BJ$9)) | L43: =IF(K43="","",INDEX('Tính'!$C$86:$V$130,$CD$9,$BJ$9)) | M43: =IF(K43="","",INDEX('Tính'!$C$134:$V$178,$CD$9,$BJ$9)) | N43: =IF(K43="","",INDEX('Tính'!$C$182:$V$226,$CD$9,$BJ$9)) | P43: =IF(OR($CD$10="",$BJ$9=""),"",INDEX($BA$3:$BA$22,$BJ$9)) | Q43: =IF(P43="","",INDEX('Tính'!$C$86:$V$130,$CD$10,$BJ$9)) | R43: =IF(P43="","",INDEX('Tính'!$C$134:$V$178,$CD$10,$BJ$9)) | S43: =IF(P43="","",INDEX('Tính'!$C$182:$V$226,$CD$10,$BJ$9)) | CA43: 41 | CB43: =IF('Tính'!B79="",0,IF(OR($AZ$1=0,'Tính'!D79=$AZ$1),1,0)) | CC43: =IF(CB43=1,'Tính'!M79+1+(45-41)/1000000,-1) | CD43: =IF(LARGE($CC$3:$CC$47,41)<0,"",MATCH(LARGE($CC$3:$CC$47,41),$CC$3:$CC$47,0))
A44: =IF(OR($CD$7="",$BJ$10=""),"",INDEX($BA$3:$BA$22,$BJ$10)) | B44: =IF(A44="","",INDEX('Tính'!$C$86:$V$130,$CD$7,$BJ$10)) | C44: =IF(A44="","",INDEX('Tính'!$C$134:$V$178,$CD$7,$BJ$10)) | D44: =IF(A44="","",INDEX('Tính'!$C$182:$V$226,$CD$7,$BJ$10)) | F44: =IF(OR($CD$8="",$BJ$10=""),"",INDEX($BA$3:$BA$22,$BJ$10)) | G44: =IF(F44="","",INDEX('Tính'!$C$86:$V$130,$CD$8,$BJ$10)) | H44: =IF(F44="","",INDEX('Tính'!$C$134:$V$178,$CD$8,$BJ$10)) | I44: =IF(F44="","",INDEX('Tính'!$C$182:$V$226,$CD$8,$BJ$10)) | K44: =IF(OR($CD$9="",$BJ$10=""),"",INDEX($BA$3:$BA$22,$BJ$10)) | L44: =IF(K44="","",INDEX('Tính'!$C$86:$V$130,$CD$9,$BJ$10)) | M44: =IF(K44="","",INDEX('Tính'!$C$134:$V$178,$CD$9,$BJ$10)) | N44: =IF(K44="","",INDEX('Tính'!$C$182:$V$226,$CD$9,$BJ$10)) | P44: =IF(OR($CD$10="",$BJ$10=""),"",INDEX($BA$3:$BA$22,$BJ$10)) | Q44: =IF(P44="","",INDEX('Tính'!$C$86:$V$130,$CD$10,$BJ$10)) | R44: =IF(P44="","",INDEX('Tính'!$C$134:$V$178,$CD$10,$BJ$10)) | S44: =IF(P44="","",INDEX('Tính'!$C$182:$V$226,$CD$10,$BJ$10)) | CA44: 42 | CB44: =IF('Tính'!B80="",0,IF(OR($AZ$1=0,'Tính'!D80=$AZ$1),1,0)) | CC44: =IF(CB44=1,'Tính'!M80+1+(45-42)/1000000,-1) | CD44: =IF(LARGE($CC$3:$CC$47,42)<0,"",MATCH(LARGE($CC$3:$CC$47,42),$CC$3:$CC$47,0))
A45: =IF(OR($CD$7="",$BJ$11=""),"",INDEX($BA$3:$BA$22,$BJ$11)) | B45: =IF(A45="","",INDEX('Tính'!$C$86:$V$130,$CD$7,$BJ$11)) | C45: =IF(A45="","",INDEX('Tính'!$C$134:$V$178,$CD$7,$BJ$11)) | D45: =IF(A45="","",INDEX('Tính'!$C$182:$V$226,$CD$7,$BJ$11)) | F45: =IF(OR($CD$8="",$BJ$11=""),"",INDEX($BA$3:$BA$22,$BJ$11)) | G45: =IF(F45="","",INDEX('Tính'!$C$86:$V$130,$CD$8,$BJ$11)) | H45: =IF(F45="","",INDEX('Tính'!$C$134:$V$178,$CD$8,$BJ$11)) | I45: =IF(F45="","",INDEX('Tính'!$C$182:$V$226,$CD$8,$BJ$11)) | K45: =IF(OR($CD$9="",$BJ$11=""),"",INDEX($BA$3:$BA$22,$BJ$11)) | L45: =IF(K45="","",INDEX('Tính'!$C$86:$V$130,$CD$9,$BJ$11)) | M45: =IF(K45="","",INDEX('Tính'!$C$134:$V$178,$CD$9,$BJ$11)) | N45: =IF(K45="","",INDEX('Tính'!$C$182:$V$226,$CD$9,$BJ$11)) | P45: =IF(OR($CD$10="",$BJ$11=""),"",INDEX($BA$3:$BA$22,$BJ$11)) | Q45: =IF(P45="","",INDEX('Tính'!$C$86:$V$130,$CD$10,$BJ$11)) | R45: =IF(P45="","",INDEX('Tính'!$C$134:$V$178,$CD$10,$BJ$11)) | S45: =IF(P45="","",INDEX('Tính'!$C$182:$V$226,$CD$10,$BJ$11)) | CA45: 43 | CB45: =IF('Tính'!B81="",0,IF(OR($AZ$1=0,'Tính'!D81=$AZ$1),1,0)) | CC45: =IF(CB45=1,'Tính'!M81+1+(45-43)/1000000,-1) | CD45: =IF(LARGE($CC$3:$CC$47,43)<0,"",MATCH(LARGE($CC$3:$CC$47,43),$CC$3:$CC$47,0))
A46: =IF(OR($CD$7="",$BJ$12=""),"",INDEX($BA$3:$BA$22,$BJ$12)) | B46: =IF(A46="","",INDEX('Tính'!$C$86:$V$130,$CD$7,$BJ$12)) | C46: =IF(A46="","",INDEX('Tính'!$C$134:$V$178,$CD$7,$BJ$12)) | D46: =IF(A46="","",INDEX('Tính'!$C$182:$V$226,$CD$7,$BJ$12)) | F46: =IF(OR($CD$8="",$BJ$12=""),"",INDEX($BA$3:$BA$22,$BJ$12)) | G46: =IF(F46="","",INDEX('Tính'!$C$86:$V$130,$CD$8,$BJ$12)) | H46: =IF(F46="","",INDEX('Tính'!$C$134:$V$178,$CD$8,$BJ$12)) | I46: =IF(F46="","",INDEX('Tính'!$C$182:$V$226,$CD$8,$BJ$12)) | K46: =IF(OR($CD$9="",$BJ$12=""),"",INDEX($BA$3:$BA$22,$BJ$12)) | L46: =IF(K46="","",INDEX('Tính'!$C$86:$V$130,$CD$9,$BJ$12)) | M46: =IF(K46="","",INDEX('Tính'!$C$134:$V$178,$CD$9,$BJ$12)) | N46: =IF(K46="","",INDEX('Tính'!$C$182:$V$226,$CD$9,$BJ$12)) | P46: =IF(OR($CD$10="",$BJ$12=""),"",INDEX($BA$3:$BA$22,$BJ$12)) | Q46: =IF(P46="","",INDEX('Tính'!$C$86:$V$130,$CD$10,$BJ$12)) | R46: =IF(P46="","",INDEX('Tính'!$C$134:$V$178,$CD$10,$BJ$12)) | S46: =IF(P46="","",INDEX('Tính'!$C$182:$V$226,$CD$10,$BJ$12)) | CA46: 44 | CB46: =IF('Tính'!B82="",0,IF(OR($AZ$1=0,'Tính'!D82=$AZ$1),1,0)) | CC46: =IF(CB46=1,'Tính'!M82+1+(45-44)/1000000,-1) | CD46: =IF(LARGE($CC$3:$CC$47,44)<0,"",MATCH(LARGE($CC$3:$CC$47,44),$CC$3:$CC$47,0))
A47: =IF(OR($CD$7="",$BJ$13=""),"",INDEX($BA$3:$BA$22,$BJ$13)) | B47: =IF(A47="","",INDEX('Tính'!$C$86:$V$130,$CD$7,$BJ$13)) | C47: =IF(A47="","",INDEX('Tính'!$C$134:$V$178,$CD$7,$BJ$13)) | D47: =IF(A47="","",INDEX('Tính'!$C$182:$V$226,$CD$7,$BJ$13)) | F47: =IF(OR($CD$8="",$BJ$13=""),"",INDEX($BA$3:$BA$22,$BJ$13)) | G47: =IF(F47="","",INDEX('Tính'!$C$86:$V$130,$CD$8,$BJ$13)) | H47: =IF(F47="","",INDEX('Tính'!$C$134:$V$178,$CD$8,$BJ$13)) | I47: =IF(F47="","",INDEX('Tính'!$C$182:$V$226,$CD$8,$BJ$13)) | K47: =IF(OR($CD$9="",$BJ$13=""),"",INDEX($BA$3:$BA$22,$BJ$13)) | L47: =IF(K47="","",INDEX('Tính'!$C$86:$V$130,$CD$9,$BJ$13)) | M47: =IF(K47="","",INDEX('Tính'!$C$134:$V$178,$CD$9,$BJ$13)) | N47: =IF(K47="","",INDEX('Tính'!$C$182:$V$226,$CD$9,$BJ$13)) | P47: =IF(OR($CD$10="",$BJ$13=""),"",INDEX($BA$3:$BA$22,$BJ$13)) | Q47: =IF(P47="","",INDEX('Tính'!$C$86:$V$130,$CD$10,$BJ$13)) | R47: =IF(P47="","",INDEX('Tính'!$C$134:$V$178,$CD$10,$BJ$13)) | S47: =IF(P47="","",INDEX('Tính'!$C$182:$V$226,$CD$10,$BJ$13)) | CA47: 45 | CB47: =IF('Tính'!B83="",0,IF(OR($AZ$1=0,'Tính'!D83=$AZ$1),1,0)) | CC47: =IF(CB47=1,'Tính'!M83+1+(45-45)/1000000,-1) | CD47: =IF(LARGE($CC$3:$CC$47,45)<0,"",MATCH(LARGE($CC$3:$CC$47,45),$CC$3:$CC$47,0))
A48: =IF(OR($CD$7="",$BJ$14=""),"",INDEX($BA$3:$BA$22,$BJ$14)) | B48: =IF(A48="","",INDEX('Tính'!$C$86:$V$130,$CD$7,$BJ$14)) | C48: =IF(A48="","",INDEX('Tính'!$C$134:$V$178,$CD$7,$BJ$14)) | D48: =IF(A48="","",INDEX('Tính'!$C$182:$V$226,$CD$7,$BJ$14)) | F48: =IF(OR($CD$8="",$BJ$14=""),"",INDEX($BA$3:$BA$22,$BJ$14)) | G48: =IF(F48="","",INDEX('Tính'!$C$86:$V$130,$CD$8,$BJ$14)) | H48: =IF(F48="","",INDEX('Tính'!$C$134:$V$178,$CD$8,$BJ$14)) | I48: =IF(F48="","",INDEX('Tính'!$C$182:$V$226,$CD$8,$BJ$14)) | K48: =IF(OR($CD$9="",$BJ$14=""),"",INDEX($BA$3:$BA$22,$BJ$14)) | L48: =IF(K48="","",INDEX('Tính'!$C$86:$V$130,$CD$9,$BJ$14)) | M48: =IF(K48="","",INDEX('Tính'!$C$134:$V$178,$CD$9,$BJ$14)) | N48: =IF(K48="","",INDEX('Tính'!$C$182:$V$226,$CD$9,$BJ$14)) | P48: =IF(OR($CD$10="",$BJ$14=""),"",INDEX($BA$3:$BA$22,$BJ$14)) | Q48: =IF(P48="","",INDEX('Tính'!$C$86:$V$130,$CD$10,$BJ$14)) | R48: =IF(P48="","",INDEX('Tính'!$C$134:$V$178,$CD$10,$BJ$14)) | S48: =IF(P48="","",INDEX('Tính'!$C$182:$V$226,$CD$10,$BJ$14))
